regimen_id,anchor_drug_id,source_id
1,1467,1
1,2224,1
1,2632,1
1,4444,1
4,2642,1
6,2642,1
7,1490,1
7,1490,7
7,1746,1
7,3781,1
8,2386,1
9,2358,1
10,3357,1
11,170,1
12,4698,1
13,2642,1
14,2642,1
14,3811,1
15,170,1
15,2642,1
16,2642,1
16,4698,1
17,2642,1
17,5369,1
18,3388,1
19,2642,1
20,2642,7
20,3388,7
21,794,1
21,1490,1
22,204,1
22,1467,1
22,5339,1
23,1467,1
23,2247,1
23,3293,1
24,1467,1
24,3240,1
24,3857,1
24,5339,1
25,1467,1
25,3857,1
25,5003,1
25,5339,1
26,80,1
27,707,1
27,1015,1
27,3781,1
28,762,7
28,1490,7
28,3049,7
29,762,7
29,1028,1
29,1467,1
29,1467,7
29,3208,1
29,3386,7
30,494,1
30,707,1
30,1015,1
30,3781,1
31,762,7
31,1490,7
32,762,1
32,762,7
32,1490,1
32,1490,7
32,3049,1
32,3049,7
33,83,1
33,376,1
34,83,1
35,83,1
35,2312,1
36,83,1
36,2963,1
37,83,1
38,85,1
38,411,1
39,86,1
40,85,1
40,3667,1
41,85,1
42,762,1
43,762,1
43,5339,1
44,762,1
44,762,7
44,1490,1
44,1490,7
45,762,1
45,1490,1
46,762,1
46,1490,1
47,762,1
47,762,7
47,2060,1
47,2060,7
47,5339,1
47,5339,7
48,762,1
48,762,7
48,1467,1
48,1467,7
48,2060,1
48,2060,7
48,5339,1
48,5339,7
49,1467,1
49,2247,1
49,3293,1
50,1467,1
50,1746,1
51,1467,1
51,5139,1
52,1467,1
52,1467,7
52,3781,1
52,3781,7
53,1015,1
53,1467,1
53,1746,1
53,3781,1
53,5078,1
53,5139,1
54,1467,1
54,2918,1
54,3781,1
54,5139,1
55,1467,1
55,1746,1
55,3781,1
55,3924,1
55,5139,1
56,1467,1
56,1746,1
56,2569,1
57,1467,1
57,2918,1
57,3781,1
58,88,1
58,3643,1
59,88,1
60,762,1
60,1255,1
60,2060,1
61,1467,1
61,2060,1
62,1467,1
62,5139,1
63,1467,7
63,5339,7
64,1467,1
64,3293,1
64,5339,1
65,1467,7
65,4215,7
65,5339,7
66,1467,1
66,1467,7
66,1746,1
66,1746,7
66,4890,1
67,1467,7
67,1494,7
67,2247,7
68,762,1
68,762,7
68,1467,1
68,1467,7
68,2060,1
68,2651,1
68,3293,1
69,153,1
69,1128,1
70,153,1
71,2060,1
71,2060,7
72,2060,1
72,5148,1
73,2060,1
73,2358,1
74,1255,7
74,3293,7
75,1255,1
75,1255,7
75,1467,1
75,1467,7
75,5339,1
75,5339,7
76,3208,7
77,712,1
78,85,1
79,411,1
80,712,1
81,1520,1
82,712,1
82,1746,1
83,1920,1
84,2261,1
85,3568,1
86,712,1
86,2261,1
87,1520,1
87,1746,1
88,1920,1
88,4879,1
89,170,1
89,707,1
90,170,1
90,1128,1
91,170,1
91,3781,1
92,170,1
93,1015,1
93,1015,7
93,2060,1
93,2060,7
93,2642,1
93,2651,1
93,2651,7
93,3248,7
93,3388,1
93,3388,7
94,202,1
95,204,1
96,204,1
96,4444,1
97,204,1
98,223,1
99,1151,7
99,1490,7
99,1494,7
99,3293,7
99,5339,7
100,251,1
100,2312,1
101,272,1
101,1255,1
102,272,1
103,321,1
104,337,1
105,357,1
105,3691,1
106,357,1
106,1270,1
106,3691,1
108,364,1
108,3293,1
109,374,1
110,375,1
111,376,1
111,2312,1
112,376,1
112,2456,1
113,376,1
113,3788,1
114,376,1
114,2456,1
114,4410,1
115,376,1
115,5139,1
116,376,1
117,376,1
117,2456,1
117,3788,1
118,376,1
118,2918,1
118,5139,1
120,411,1
122,2352,1
124,414,1
125,5339,1
125,5339,7
126,3293,7
126,5339,7
127,3240,7
128,2614,7
129,2187,7
129,3293,7
130,438,1
131,452,1
131,5148,1
132,452,1
132,1151,1
133,452,1
133,2642,1
134,452,1
135,452,1
135,2358,1
135,5148,1
136,452,1
136,2642,1
136,5148,1
137,452,1
137,5148,1
138,462,1
139,1255,7
140,762,7
140,1255,7
140,1467,7
140,3293,7
140,5339,7
141,474,1
141,3293,1
142,374,1
142,465,1
143,2614,1
144,465,1
144,5375,1
145,465,1
146,1467,1
146,2247,1
146,3293,1
146,3781,1
147,494,1
147,707,1
148,494,1
149,1469,1
150,3093,1
151,1469,1
151,1873,1
152,1469,1
152,2187,1
152,2952,1
153,1469,1
153,4639,1
154,1469,1
154,3093,1
155,2358,7
155,5148,7
156,1503,1
156,5148,1
157,5148,1
158,2642,1
158,5148,1
159,5148,1
160,5148,1
161,2642,1
161,5148,1
162,3240,1
162,3293,1
162,5148,1
163,1467,1
163,3293,1
163,3857,1
163,5339,1
165,526,1
166,527,1
167,1467,1
167,2247,1
167,5339,1
168,1490,1
169,528,1
170,88,1
170,3643,1
170,5315,1
171,539,1
172,528,1
172,540,1
173,540,1
173,3872,1
174,540,1
175,540,1
175,5119,1
176,540,1
177,541,1
177,2358,1
178,541,1
178,2833,1
179,541,1
179,2950,1
180,541,1
180,4698,1
181,541,1
181,5315,1
182,541,1
182,5369,1
183,541,1
185,541,1
185,2358,1
185,5369,1
186,762,1
186,3049,1
187,762,7
187,1490,7
187,5339,7
188,1255,1
188,1467,1
188,2060,1
188,5339,1
189,1028,7
189,1467,7
190,762,1
190,762,7
190,1467,1
190,3049,7
190,5339,1
190,5339,7
191,762,7
191,1467,7
191,5339,7
192,762,7
192,3049,7
192,3178,7
192,5339,7
193,762,7
193,3178,7
193,3293,7
193,5339,7
194,1467,1
194,3293,1
194,4444,1
194,5339,1
195,505,1
195,1920,1
196,762,7
196,1490,7
197,630,1
197,780,1
197,1028,1
197,1028,7
197,1490,1
197,1490,7
197,5339,1
197,5339,7
198,762,7
198,1028,7
198,3293,7
199,1028,7
199,1467,7
200,762,7
200,3049,7
201,762,7
201,1467,7
201,1494,7
202,601,1
202,1490,1
203,601,1
204,780,1
204,1467,1
204,5339,1
205,762,7
205,1467,7
205,2247,7
205,3293,7
206,1028,1
206,5013,1
207,1028,1
207,1028,7
207,1467,1
207,1467,7
207,5339,1
207,5339,7
208,1028,1
208,1028,7
208,1467,1
208,1467,7
208,4215,1
208,4215,7
209,762,7
209,1028,7
209,1467,7
209,4215,7
210,780,1
210,4444,1
211,1028,1
211,1467,1
211,2060,1
212,762,1
212,762,7
212,1467,1
212,1467,7
212,2060,1
212,2060,7
212,4215,1
212,4215,7
212,5339,1
212,5339,7
213,762,1
213,1467,1
213,2060,1
213,4215,1
213,5339,1
214,1028,1
214,1028,7
214,2060,1
214,2060,7
214,3208,1
214,3208,7
214,4444,1
215,630,1
215,2060,1
215,3208,1
216,630,1
216,2354,1
216,5341,1
217,615,1
218,618,1
219,1255,1
220,621,1
221,762,7
221,1255,7
221,3386,7
222,630,1
222,794,1
223,630,1
224,630,1
224,3643,1
225,630,1
225,3661,1
226,630,1
226,4444,1
227,630,1
227,2633,1
227,4444,1
228,630,1
228,2646,1
228,4444,1
229,630,1
229,4070,1
229,4444,1
230,630,1
231,639,1
232,762,1
232,762,7
232,1255,1
232,1255,7
232,2060,1
232,2060,7
233,630,1
233,4444,1
233,4936,1
234,704,1
235,707,7
235,2247,7
235,2268,7
235,2783,7
236,707,1
236,2724,1
237,707,1
237,4444,1
238,707,1
239,707,1
240,709,1
240,4171,1
241,709,1
242,630,1
242,2224,1
242,4444,1
243,1028,1
243,1490,1
243,2614,1
244,712,1
244,2456,1
245,712,1
245,2967,1
246,712,1
247,712,1
248,630,1
248,2835,1
249,726,1
249,1896,1
250,726,1
251,726,1
251,1128,1
251,1896,1
252,1270,1
252,1270,7
252,2950,1
252,2950,7
253,630,1
253,2950,1
254,762,7
254,1467,7
254,2247,7
254,3293,7
254,5339,7
255,762,1
255,1255,1
256,762,1
257,762,1
257,762,7
257,5339,1
257,5339,7
258,762,1
258,3293,1
259,763,1
260,762,1
260,1255,1
260,3293,1
261,762,7
261,1490,7
261,3049,7
261,5339,7
262,762,7
262,4215,7
262,5339,7
263,762,7
263,4215,7
263,5339,7
264,762,7
264,3178,7
264,3293,7
264,5339,7
265,1028,7
265,4215,7
265,5339,7
266,780,1
266,1467,1
267,780,1
268,780,1
268,3811,1
269,780,1
269,3208,1
270,780,1
270,3811,1
271,780,1
272,780,1
272,1255,1
272,5339,1
273,780,1
273,4444,1
274,780,1
274,5369,1
275,780,1
275,5341,1
276,780,1
276,3811,1
276,4981,1
277,785,1
278,630,1
278,4444,1
279,794,1
279,1490,1
280,794,1
280,3600,1
281,794,1
282,798,1
283,799,1
284,630,1
284,4981,1
285,853,1
285,5013,1
286,853,1
286,1467,1
286,5013,1
287,853,7
287,1467,7
287,2060,7
288,853,1
288,1467,1
289,853,1
289,1467,1
290,853,1
290,2224,1
290,3093,1
291,853,1
291,3208,1
292,853,1
293,853,1
293,1467,1
293,1533,1
294,853,1
294,2224,1
294,2632,1
294,4444,1
295,853,1
295,2224,1
295,2632,1
295,4444,1
296,853,1
296,2224,1
296,5013,1
297,853,1
297,2224,1
297,5013,1
298,794,1
298,1467,1
298,2060,1
298,5339,1
299,794,1
299,1467,1
300,1028,7
300,3293,7
300,5339,7
301,762,1
301,762,7
301,4786,1
301,4786,7
302,762,1
302,1255,1
303,630,1
303,780,1
303,4444,1
304,762,1
304,1015,1
304,1255,1
304,5339,1
305,1467,1
305,3049,1
305,4215,1
305,5339,1
306,762,1
306,1467,1
306,4215,1
306,5339,1
307,1128,7
307,1255,7
307,1746,7
307,2247,7
308,1467,1
308,5339,1
309,884,1
310,884,1
311,762,1
311,1255,1
311,3293,1
311,5339,1
312,887,1
312,1957,1
313,887,1
313,3600,1
314,887,1
315,887,1
315,2774,1
315,3600,1
316,1255,7
317,1467,1
317,2187,1
318,1467,1
318,2247,1
318,3192,1
319,1467,7
319,2247,7
320,1467,1
320,2247,1
320,5339,1
321,897,1
321,5339,1
322,1467,1
322,2060,1
322,2651,1
322,3293,1
322,4444,1
322,5339,1
323,474,1
323,1467,1
323,3240,1
323,5339,1
324,1467,1
324,5003,1
324,5339,1
325,1467,1
325,2247,1
325,3293,1
326,1467,1
326,2247,1
326,3293,1
327,1467,1
327,3293,1
327,4215,1
329,1467,1
330,762,1
330,1467,1
330,4215,1
330,5339,1
331,707,1
331,707,7
331,972,1
331,1128,7
332,972,1
332,1255,1
333,972,1
333,1128,1
333,1255,1
334,972,1
334,1255,1
334,3872,1
335,972,1
335,1255,1
335,5078,1
336,972,1
336,1255,1
336,5139,1
337,972,1
337,1255,1
337,3924,1
337,5139,1
338,707,1
338,972,1
338,1015,1
338,1015,7
338,1255,1
338,1255,7
338,1467,1
338,1467,7
338,1746,1
338,3208,1
338,3781,1
338,3873,1
338,4129,1
338,4890,1
338,4981,1
338,5117,1
338,5139,1
339,972,1
339,1957,1
340,972,1
340,2312,1
341,972,1
341,972,7
341,2354,1
341,2354,7
342,972,1
342,972,7
342,2783,1
342,2783,7
342,2834,1
343,972,1
343,2918,1
344,972,1
344,3159,1
345,972,1
345,3386,1
346,972,1
346,3531,1
347,972,1
347,3730,1
347,5078,1
348,972,1
348,3781,1
349,972,1
350,972,1
351,972,1
351,4934,1
352,972,1
352,5139,1
353,972,1
353,5139,1
353,5230,1
354,972,1
355,972,1
356,707,1
356,972,1
356,5139,1
357,972,1
357,1015,1
357,3781,1
358,972,1
358,1255,1
359,972,1
359,1746,1
359,3730,1
360,972,1
360,1746,1
361,972,1
361,3386,1
362,972,1
362,3730,1
363,972,1
363,3781,1
364,972,1
364,4698,1
365,972,1
365,972,7
365,3730,1
365,3730,7
366,707,1
366,972,1
366,3730,1
367,972,1
367,1957,1
367,3730,1
368,972,1
368,3600,1
368,3730,1
369,972,1
369,3730,1
369,3810,1
370,972,1
370,3730,1
370,3872,1
371,972,1
371,3730,1
371,5139,1
372,972,1
372,1128,1
372,3730,1
373,972,1
373,3730,1
373,3872,1
373,5139,1
374,707,1
374,972,1
374,2783,1
375,972,1
375,2783,1
376,973,1
376,2312,1
377,975,1
378,1015,7
378,2247,7
379,707,1
379,1015,1
380,1015,1
380,1255,1
380,1268,1
380,1467,1
381,1015,1
381,1467,1
382,1015,1
382,1490,1
383,1015,1
383,1746,1
384,762,1
384,762,7
384,1015,1
384,1015,7
384,1255,1
384,1467,1
384,1467,7
384,1746,1
384,1746,7
384,1932,1
384,1932,7
384,2060,1
384,2060,7
384,3049,1
384,3049,7
384,3781,1
384,5339,1
384,5341,1
385,494,1
385,1015,1
385,2060,1
386,707,1
386,1015,1
386,2060,1
387,1015,1
387,1811,1
387,2060,1
388,1015,1
388,2060,1
388,3872,1
389,1015,1
389,2060,1
390,1015,1
390,2247,1
391,707,1
391,1015,1
391,1255,1
391,2354,1
391,3781,1
392,494,1
392,1015,1
392,2354,1
393,707,1
393,1015,1
393,2354,1
394,1015,1
394,1811,1
394,2354,1
395,1015,1
395,1015,7
395,2352,1
395,2354,1
395,2354,7
395,3781,1
395,3781,7
395,3873,1
396,1015,1
396,2354,1
396,3872,1
397,1015,1
397,1957,1
397,2354,1
398,1015,1
398,2651,1
399,1015,1
399,1255,1
399,1255,7
399,2783,1
399,2783,7
400,1015,1
400,3781,1
401,1015,1
402,1015,1
402,5078,1
403,707,1
403,1015,1
403,1028,1
403,1028,7
403,1255,1
403,1255,7
403,1467,1
403,1467,7
403,3781,1
404,1015,1
404,3781,1
405,1015,1
405,1097,1
405,3781,1
406,1015,1
406,1783,1
406,3781,1
407,1015,1
407,1811,1
407,3781,1
408,1015,1
408,2774,1
408,3781,1
409,1015,1
409,2774,1
409,3600,1
409,3781,1
410,1015,1
410,3573,1
410,3781,1
411,1015,1
411,3600,1
411,3781,1
412,1015,1
412,3667,1
412,3781,1
413,1015,1
413,3781,1
413,3872,1
414,1015,1
414,3781,1
414,3885,1
415,1015,1
415,1255,1
415,3781,1
416,1015,1
416,3781,1
417,972,1
417,1015,1
417,1255,1
417,1467,1
417,1746,1
417,3781,1
417,5139,1
418,707,1
418,1015,1
418,3600,1
418,3781,1
419,707,1
419,1015,1
419,3781,1
419,3872,1
420,1015,1
420,1811,1
420,3667,1
420,3781,1
421,1015,1
422,1015,1
423,1015,1
423,4939,1
424,1015,1
425,1015,1
425,1746,1
426,1015,1
426,1255,1
426,2060,1
427,1015,1
427,1128,1
427,2247,1
428,1015,1
428,1128,1
428,2247,1
429,1015,1
429,2247,1
429,3872,1
430,1015,1
430,2247,1
431,337,1
431,1015,1
431,2939,1
431,3873,1
432,494,1
432,1015,1
432,3781,1
433,1015,1
433,1811,1
433,3781,1
434,1015,1
434,1811,1
434,3781,1
434,5143,1
435,1015,1
435,3781,1
435,3872,1
436,1015,1
436,3721,1
436,3873,1
437,707,1
437,1015,1
438,337,1
438,1015,1
438,3873,1
439,494,1
439,1015,1
439,1255,1
439,3873,1
440,707,1
440,1015,1
440,3873,1
441,1015,1
441,3873,1
442,1015,1
442,1097,1
442,3873,1
443,1015,1
443,1811,1
443,3873,1
444,1015,1
444,2774,1
444,3600,1
444,3873,1
445,1015,1
445,3872,1
445,3873,1
446,1015,1
446,3873,1
447,1015,1
447,3873,1
448,1015,1
448,3873,1
448,5078,1
449,1015,1
449,5341,1
450,1024,1
450,4444,1
451,1024,1
452,1024,1
452,2950,1
453,1024,1
453,3811,1
454,1024,1
455,1028,1
456,1028,1
457,1028,1
459,1467,1
459,1494,1
459,5339,1
460,1467,1
460,5339,1
461,1255,1
461,1467,1
461,2060,1
461,5339,1
462,1467,1
462,2060,1
462,5339,1
463,1028,1
463,1467,1
463,2060,1
464,1028,1
464,1467,1
464,2060,1
464,3388,1
465,1467,7
465,2060,7
465,3049,7
465,5339,7
466,1292,1
466,1467,1
466,2060,1
467,3049,7
467,5339,7
468,1467,1
468,5339,1
469,1467,7
469,2060,7
469,3049,7
469,5339,7
470,1255,7
470,1467,7
470,2060,7
470,3049,7
470,5339,7
471,1028,1
471,1255,1
471,1490,1
472,1467,1
472,2060,1
473,1467,1
473,1932,1
474,1467,1
474,1932,1
474,2247,1
474,3293,1
475,1094,1
475,3293,1
476,1094,1
476,1957,1
476,3293,1
477,1094,1
477,1957,1
477,3293,1
477,3600,1
478,2060,7
478,3293,7
479,1097,1
480,1467,1
480,1932,1
480,5339,1
481,1255,1
481,1467,1
481,1932,1
482,1467,7
482,2060,7
482,4215,7
483,762,1
483,1467,1
483,2060,1
483,4215,1
484,1111,1
485,1128,1
486,1128,1
487,1015,1
487,1467,1
487,1467,7
487,2060,1
487,2060,7
487,5339,1
487,5339,7
488,1467,1
488,1932,1
488,5339,1
489,204,1
489,204,7
489,1467,1
489,1467,7
489,2224,1
489,2224,7
489,4444,1
489,4444,7
490,1255,7
490,2247,7
490,2268,7
491,1467,1
491,2247,1
492,1467,1
492,2247,1
493,1467,7
493,2247,7
493,4890,7
494,1255,7
494,2354,7
494,2651,7
495,272,1
495,272,7
495,1255,1
495,1255,7
495,1467,1
495,1467,7
496,1494,7
496,2268,7
496,2614,7
496,3293,7
496,5339,7
497,272,7
497,1255,7
497,1467,7
498,272,7
498,1068,7
498,1255,7
498,1467,7
499,272,7
499,1255,7
499,1467,7
499,2247,7
500,272,7
500,1467,7
500,2247,7
502,1151,7
503,1151,1
503,1255,1
504,1151,1
504,3643,1
505,1151,1
505,3661,1
506,1151,1
507,1151,1
508,1151,1
508,4444,1
509,1151,1
510,1151,1
510,1494,1
510,3293,1
511,1151,1
511,1151,7
511,4215,1
511,4215,7
512,1151,1
512,2060,1
512,4215,1
512,5339,1
513,762,1
513,1151,1
513,2060,1
513,4215,1
513,5339,1
514,762,7
514,1467,7
514,5339,7
515,1467,1
515,1467,7
515,2060,1
515,2060,7
515,5339,1
515,5339,7
516,1467,1
516,5339,1
517,1467,1
517,2082,1
517,5339,1
518,1467,1
518,5339,1
519,1467,1
519,5339,1
520,1467,1
520,5339,1
521,762,1
521,1467,1
521,5339,1
522,601,1
522,1467,1
522,5339,1
523,1068,7
523,1467,7
523,5339,7
524,1467,1
524,5013,1
525,762,1
525,1467,1
525,4939,1
525,5339,1
526,1467,1
526,4939,1
527,1467,1
527,2060,1
527,2724,1
527,2732,1
527,4939,1
528,1292,1
528,2642,1
528,2651,7
528,3049,7
529,1238,1
530,1255,7
530,2651,7
530,3248,7
531,1255,1
531,1467,1
532,762,1
532,1255,1
532,1467,1
533,762,7
533,1255,7
533,1467,7
534,707,1
534,1255,1
535,1128,1
535,1255,1
536,1255,1
536,1490,1
537,1255,1
537,1746,1
537,1811,1
538,1255,1
538,1746,1
538,3600,1
539,1255,1
539,1932,1
540,707,1
540,1255,1
540,2060,1
541,1255,1
541,1811,1
541,2060,1
542,1255,1
542,2060,1
542,3872,1
543,1255,1
543,1255,7
543,1467,1
543,1467,7
543,2224,1
543,2224,7
543,2247,1
543,2247,7
543,3093,1
543,3208,1
544,1128,1
544,1255,1
544,2247,1
545,1255,1
545,2247,1
545,2614,1
546,1255,1
546,2247,1
546,3600,1
547,1255,1
547,2247,1
547,3810,1
548,1255,1
548,2247,1
548,3872,1
549,1255,1
549,2247,1
550,1255,1
551,1255,1
551,2247,1
552,1255,1
552,2247,1
552,5078,1
553,1255,1
553,2247,1
553,5139,1
554,1255,1
554,2247,1
554,5339,1
555,1255,1
555,2247,1
555,3872,1
555,5139,1
556,494,1
556,1255,1
556,2354,1
557,1255,1
557,2354,1
558,1128,1
558,1255,1
558,2354,1
559,1255,1
559,1811,1
559,2354,1
560,1255,1
560,2354,1
560,3781,1
561,1255,1
561,2354,1
561,3511,1
562,1255,1
562,2354,1
562,3600,1
563,1255,1
563,2354,1
563,3872,1
564,1255,1
564,2354,1
565,1255,1
565,2354,1
565,5119,1
566,1255,1
566,1957,1
566,2354,1
567,1255,1
567,2651,1
568,1255,1
568,3293,1
569,1255,1
569,3386,1
570,1255,1
570,3387,1
571,1255,1
571,3873,1
572,1255,1
572,4343,1
573,1255,1
574,1255,1
575,1255,1
575,4934,1
576,1255,1
576,3600,1
576,5341,1
577,1255,1
578,1128,1
578,1255,1
579,1255,1
579,1467,1
579,2732,1
580,199,1
580,1028,1
580,1255,1
580,1490,1
580,2732,1
581,1255,1
581,1490,1
581,2732,1
582,1255,1
582,1490,1
582,3781,1
583,1255,1
583,1490,1
583,4890,1
584,1255,1
584,1746,1
585,1255,1
585,3781,1
586,1255,1
586,1932,1
586,2651,1
587,1255,1
587,2060,1
587,2783,1
588,1255,1
588,2352,1
588,3873,1
589,1255,1
589,2724,1
589,2821,1
590,1255,1
590,2783,1
591,1255,1
591,3721,1
591,3873,1
592,494,1
592,707,1
592,1255,1
592,3781,1
593,707,1
593,1255,1
593,3781,1
594,707,1
594,1255,1
594,3781,1
594,3872,1
595,1255,1
595,3781,1
596,1097,1
596,1255,1
596,3781,1
597,1255,1
597,3781,1
597,3872,1
598,1255,1
598,3781,1
599,1255,1
599,3781,1
599,5078,1
600,1255,1
600,3781,1
600,5119,1
601,1097,1
601,1255,1
601,3873,1
602,1255,1
602,1811,1
602,3873,1
603,1255,1
603,2774,1
603,3600,1
603,3873,1
604,1255,1
604,3600,1
604,3873,1
605,1255,1
605,3872,1
605,3873,1
606,1255,1
606,3873,1
607,1255,1
607,3873,1
608,1255,1
608,3873,1
608,5078,1
609,1255,1
609,3873,1
610,1255,1
611,1128,1
611,1255,1
611,5341,1
612,1255,1
612,5341,1
613,1268,1
614,1268,1
615,1268,1
615,4444,1
616,1268,1
617,1268,1
617,1268,7
617,2187,1
618,1268,1
618,1268,7
618,2187,1
618,3388,1
618,3388,7
619,1292,1
619,2187,1
620,1270,1
621,1270,1
621,3340,1
621,3691,1
622,1270,1
622,3691,1
622,4971,1
623,1255,1
623,2247,1
623,2268,1
624,1292,1
625,1292,1
626,1292,1
626,1533,1
627,1292,1
627,3208,1
628,1292,1
628,3208,1
629,1292,1
630,1268,1
630,1467,1
630,3388,1
631,1467,7
631,3049,7
631,3293,7
631,4215,7
631,5339,7
632,1467,1
632,2060,1
632,3293,1
633,1467,1
633,1467,7
633,2247,1
633,2247,7
633,3293,1
633,3293,7
634,1467,1
634,2247,1
634,3293,1
634,5139,1
635,1467,1
635,1932,1
635,2247,1
635,3293,1
636,1467,7
636,2247,7
636,3293,7
637,1467,1
637,2247,1
637,3293,1
637,5139,1
638,1467,7
638,2247,7
638,2614,7
638,3293,7
639,1467,1
639,2247,1
639,3293,1
640,1467,7
640,2247,7
640,3293,7
640,5339,7
641,1467,1
641,1467,7
641,2247,1
641,2247,7
641,3293,1
641,3293,7
641,4890,1
641,4890,7
642,1467,7
642,2247,7
642,3293,7
642,4890,7
643,1467,1
643,1467,7
643,2247,1
643,2247,7
643,3293,1
643,3293,7
643,4890,1
643,4890,7
644,1467,1
644,1467,7
644,2247,1
644,2247,7
644,3293,1
644,3293,7
644,5339,7
645,505,7
645,1467,7
645,2247,7
645,3293,7
645,5339,7
646,1467,1
646,1467,7
646,2247,1
646,2247,7
646,3293,1
646,3293,7
646,5339,1
646,5339,7
647,1467,7
647,2614,7
648,1467,1
648,1467,7
648,3388,1
648,3388,7
648,5339,1
648,5339,7
649,762,7
649,1467,7
649,5339,7
650,1340,1
650,5314,1
651,1340,1
652,494,1
652,1340,1
652,5314,1
653,762,7
653,1467,7
653,3293,7
653,5339,7
654,1467,7
654,2268,7
654,3293,7
654,5339,7
655,1467,1
655,1467,7
655,3293,1
655,3293,7
655,5339,1
655,5339,7
656,1467,1
656,2060,1
656,2651,1
656,3293,1
656,5339,1
657,1015,1
657,1467,1
657,2060,1
658,1015,1
658,1255,1
658,1467,1
658,2060,1
658,2821,1
658,3208,1
658,5339,1
659,1255,1
659,1467,1
659,2060,1
659,2821,1
659,5117,1
659,5339,1
660,1255,1
660,3049,1
660,5339,1
661,1467,1
661,3240,1
661,3293,1
661,3520,1
661,3857,1
661,5003,1
661,5339,1
662,1467,1
662,3240,1
662,3293,1
662,3857,1
662,5003,1
662,5339,1
663,3857,1
663,5339,1
664,1467,1
664,3240,1
664,3293,1
664,3857,1
664,5003,1
664,5339,1
665,1467,1
665,3240,1
665,3293,1
665,3857,1
665,5003,1
665,5339,1
666,1467,1
666,1523,1
666,3240,1
666,3293,1
666,3857,1
666,5003,1
666,5339,1
667,1467,1
667,3240,1
667,3293,1
667,3857,1
667,5003,1
667,5339,1
668,1467,1
668,2060,1
668,2651,1
668,3240,1
668,3293,1
668,3857,1
668,5003,1
668,5339,1
669,474,1
669,1255,1
669,1467,1
669,1494,1
669,2060,1
669,2358,1
669,2651,1
669,2783,1
669,3293,1
669,3388,1
669,4698,1
669,4936,1
669,5339,1
669,5341,1
670,1481,1
670,2187,1
670,2224,1
671,1255,1
671,1467,1
671,3049,1
671,5339,1
672,1255,1
672,1467,1
672,3049,1
672,5339,1
673,1255,1
673,1467,1
673,3049,1
673,5339,1
674,1255,1
674,1467,1
674,3049,1
674,5339,1
675,1255,1
675,1467,1
675,5339,1
676,1015,1
676,1255,1
676,1467,1
676,5339,1
677,1255,1
677,1467,1
677,5339,1
678,1015,1
678,1255,1
678,1467,1
678,5339,1
679,1015,1
679,1255,1
679,1467,1
679,2060,1
679,5013,1
679,5339,1
680,1015,1
680,1255,1
680,1467,1
680,2060,1
680,3293,1
680,5013,1
680,5339,1
681,1015,1
681,1255,1
681,1467,1
681,1494,1
681,2060,1
681,2651,1
681,2783,1
681,3293,1
681,4398,1
681,4934,1
681,5013,1
681,5339,1
682,1467,1
682,2060,1
682,2651,1
682,5339,1
683,1467,1
683,2060,1
683,2651,1
683,5339,1
684,1467,1
684,2060,1
684,2651,1
684,5339,1
685,1255,1
685,2247,1
685,5339,1
686,1255,1
686,2247,1
686,2783,1
686,4936,1
686,5339,1
687,1255,1
687,2247,1
687,2783,1
687,4936,1
687,5339,1
688,1255,1
688,2247,1
688,5339,1
689,2783,1
689,5339,1
690,2821,1
691,1015,1
691,1467,1
691,2060,1
692,1015,1
692,1255,1
692,1467,1
692,2060,1
692,2821,1
692,3208,1
692,5117,1
692,5339,1
693,1015,1
693,1255,1
693,1467,1
693,2060,1
693,2821,1
693,3208,1
693,5013,1
693,5117,1
693,5339,1
694,199,1
694,1710,1
694,2821,1
695,1255,1
695,1467,1
695,1710,1
695,2060,1
695,2821,1
695,3208,1
695,5013,1
695,5117,1
695,5339,1
696,794,1
696,1467,1
696,2060,1
696,2651,1
696,3293,1
697,1494,1
697,5339,1
698,1494,1
698,5339,1
699,1494,1
699,5339,1
700,1467,1
700,1494,1
700,5339,1
701,1467,1
701,1494,1
701,5339,1
702,1467,1
702,1494,1
702,5339,1
703,1015,1
703,1467,1
703,2060,1
704,972,7
704,2783,7
704,3730,7
705,1015,1
705,1255,1
705,1467,1
705,2060,1
705,5339,1
706,1359,1
707,1467,7
707,3293,7
707,5339,7
708,1467,7
708,2060,7
708,2268,7
708,3293,7
708,5339,7
709,1467,7
709,2268,7
709,3293,7
709,5339,7
710,1467,1
710,1467,7
710,3293,1
710,3293,7
710,5339,1
710,5339,7
711,762,1
711,762,7
711,1467,1
711,1467,7
711,5339,1
711,5339,7
712,1467,1
712,5339,1
713,1467,7
713,3049,7
713,5339,7
714,1467,1
714,2060,1
714,5339,1
715,1467,1
715,1467,7
715,2268,7
715,3293,1
715,3293,7
715,5339,1
715,5339,7
716,1467,7
716,3208,7
716,5339,7
717,1380,1
717,4444,1
718,1380,1
719,1467,1
719,1490,1
719,5339,1
720,1255,7
720,1467,7
720,2060,7
720,5339,7
721,762,1
721,1467,1
721,1490,1
721,4215,1
721,5339,1
722,1015,1
722,1467,1
722,3781,1
723,1015,1
723,1467,1
723,3781,1
723,3872,1
724,1015,1
724,1467,1
724,3781,1
725,1015,1
725,1467,1
725,1932,1
725,3781,1
726,1015,1
726,1467,1
726,1932,1
726,3781,1
726,3872,1
727,762,7
727,1467,7
727,4215,7
728,1467,1
728,2950,1
729,1481,1
730,1024,1
730,1024,7
730,1467,1
730,2950,1
730,2950,7
731,1412,1
732,1467,7
732,5339,7
733,474,7
733,1467,7
733,3293,7
733,5339,7
734,1015,1
734,1015,7
734,1467,1
734,1467,7
734,5013,1
734,5013,7
735,1467,1
735,4981,1
736,1255,7
736,1467,7
737,1028,7
737,1467,7
737,3293,7
737,4215,7
737,5339,7
738,1467,1
738,1467,7
738,5339,1
738,5339,7
739,1467,1
739,5339,1
740,762,7
740,3049,7
741,780,1
741,1255,1
741,1467,1
741,1490,1
741,5339,1
742,199,1
742,199,7
742,1255,1
742,1255,7
742,1490,1
742,1490,7
742,2732,1
743,780,7
743,1467,7
744,762,7
744,1255,7
744,2060,7
745,1015,7
745,2651,7
745,3248,7
746,1467,1
746,3049,1
746,5339,1
747,1467,1
747,5339,1
748,1467,1
748,3049,1
748,4215,1
749,780,7
749,1467,7
750,1024,7
750,1467,7
750,4981,7
751,1467,1
752,1467,1
752,1467,7
753,707,1
753,1467,1
754,707,1
754,1467,1
754,1932,1
755,1467,1
755,2060,1
756,1467,1
756,2187,1
756,2952,1
757,1467,1
757,3049,1
758,1467,1
758,3293,1
759,1467,1
759,3388,7
760,1467,1
761,1467,1
762,1467,1
762,5117,1
763,1467,1
763,5339,1
764,1467,1
765,1467,1
765,3240,1
766,1467,1
766,3240,1
766,3520,1
766,3857,1
766,5339,1
767,1467,1
767,3240,1
767,3857,1
767,5339,1
768,1467,1
768,3857,1
768,5003,1
768,5339,1
769,474,1
769,1467,1
769,5339,1
770,474,1
770,1467,1
770,4444,1
770,5339,1
771,1467,1
771,5339,1
772,1467,1
772,5339,1
773,1467,1
773,2060,1
773,2224,1
774,1467,1
774,2060,1
774,3293,1
775,1467,1
775,2060,1
776,1467,1
776,2224,1
776,5013,1
777,1467,1
777,2642,1
777,5339,1
778,1467,1
778,3049,1
778,3293,1
779,1467,1
779,3049,1
779,4215,1
780,1467,1
780,3293,1
781,1024,1
781,1467,1
781,1653,1
781,4129,1
782,1469,1
782,3452,1
783,1469,1
784,1469,1
784,4444,1
785,1469,1
785,3452,1
785,4639,1
786,1024,1
786,1467,1
786,4981,1
787,1475,1
788,2268,7
788,3293,7
788,5339,7
789,762,7
789,3178,7
789,5339,7
791,2060,1
791,2060,7
792,2060,1
792,2187,1
793,2187,1
794,2642,1
795,2060,1
795,2642,1
795,3388,1
795,5003,1
796,2060,1
796,2642,1
796,3388,1
796,5003,1
796,5148,1
797,2642,1
797,3388,1
797,5148,1
798,2732,1
799,3293,1
800,5003,1
803,2358,1
804,474,1
804,4939,1
804,5339,1
805,474,1
805,5339,1
806,3240,1
807,5339,1
808,5339,1
809,2642,1
809,2658,1
810,2642,1
810,4444,1
811,2642,1
811,4698,1
812,2642,1
812,5369,1
813,2187,1
813,2651,1
814,3293,1
814,4444,1
815,1467,7
815,1490,7
815,3293,7
815,5339,7
816,1467,1
816,1746,1
817,707,1
817,1467,1
817,1746,1
818,1467,1
818,1746,1
818,1932,1
819,1467,1
819,1746,1
819,1932,1
819,2247,1
820,707,1
820,1467,1
820,1746,1
820,1932,1
820,2247,1
821,1255,7
821,1467,7
821,2060,7
823,2358,1
824,2358,1
825,1467,1
825,2060,1
825,5339,1
826,1467,1
826,2060,1
826,4444,1
826,5339,1
827,1487,1
828,1489,1
828,5130,1
829,1489,1
830,1489,1
830,3810,1
830,5130,1
831,1268,1
832,1490,1
832,2354,1
833,1490,1
833,2724,1
834,1490,1
834,2774,1
835,1490,1
835,4890,1
836,1490,1
837,1490,1
838,1493,1
839,1494,1
839,5339,1
840,1494,1
841,1499,1
842,1502,1
843,1503,1
844,1255,7
845,1512,7
845,4825,7
846,780,1
846,1467,1
846,1515,1
847,1024,1
847,1514,1
848,1024,1
848,1514,1
848,2950,1
849,1514,1
849,1515,1
849,2950,1
849,4129,1
850,780,1
850,1514,1
850,2950,1
851,780,1
851,1515,1
851,2950,1
852,780,1
852,780,7
852,1514,1
852,5339,1
852,5339,7
853,780,1
853,1514,1
853,1515,1
853,3208,1
854,780,1
854,1514,1
854,4981,1
855,1515,1
856,1514,1
857,1516,1
859,1028,7
859,1255,7
859,1490,7
859,4890,7
860,763,1
860,1523,1
861,1523,1
862,1523,1
863,1523,1
863,5339,1
864,321,1
864,1503,1
864,4890,1
864,4981,1
864,5003,1
864,5003,7
865,2060,7
865,5117,7
866,5003,7
866,5339,7
870,474,1
870,5339,1
871,474,1
871,2658,1
871,5339,1
872,3857,1
872,5339,1
873,3857,1
873,5339,1
874,1523,1
874,3857,1
874,5339,1
875,2658,1
875,3857,1
875,5339,1
876,5339,1
877,3567,1
877,5339,1
878,5339,7
879,5339,7
880,3240,7
881,1255,1
881,1255,7
881,1467,1
881,1467,7
881,2060,1
881,2060,7
882,1255,1
882,1467,1
882,2060,1
883,1255,7
883,1467,7
883,2060,7
883,4981,7
884,1255,1
884,1255,7
884,1746,1
884,1746,7
884,2247,1
884,2247,7
885,3240,7
886,2060,1
886,5003,1
887,1490,7
887,3049,7
887,5339,7
888,1467,1
888,1556,1
888,5339,1
889,1467,1
889,3781,1
890,1467,1
890,3781,1
891,1467,1
891,3781,1
891,5139,1
892,1467,1
892,3781,1
893,1467,1
893,1746,1
893,3781,1
893,5139,1
894,1467,1
894,1746,1
894,3781,1
894,3924,1
894,5139,1
895,1467,1
895,2569,1
895,3781,1
896,1467,1
896,1932,1
896,2247,1
896,3293,1
897,1467,1
897,1932,1
897,2247,1
897,3293,1
897,3781,1
898,1467,1
898,1932,1
898,3781,1
899,1467,1
899,1746,1
899,1932,1
899,3781,1
899,5139,1
900,1467,1
900,1746,1
900,1932,1
900,3781,1
900,3924,1
900,5139,1
901,1467,1
901,1746,1
901,1932,1
901,2247,1
902,1467,1
902,1746,1
902,1932,1
902,2247,1
902,5139,1
903,1255,1
903,2354,1
903,3857,1
904,1255,7
904,1467,7
904,2268,7
904,3293,7
905,1467,1
905,1932,1
905,3781,1
906,1467,1
906,1932,1
906,3781,1
907,1255,1
907,1255,7
907,2060,1
907,2060,7
908,474,7
908,1255,7
908,2060,7
909,1057,1
910,1533,1
910,5290,1
911,1533,1
911,5315,1
912,1533,1
913,1542,1
914,1556,1
915,1557,1
916,2060,1
917,1653,1
918,1015,1
918,2060,1
918,2651,1
919,2732,1
920,1028,7
920,2060,7
920,3208,7
921,1028,1
921,2060,1
921,3208,1
922,1028,1
922,2060,1
922,3208,1
923,1873,1
925,4444,1
927,1467,1
927,1813,1
927,2224,1
927,4444,1
928,1255,1
928,1255,7
929,1255,1
929,2060,1
929,2651,1
929,3293,1
930,1467,1
930,1932,1
931,1255,1
931,1467,1
931,2060,1
932,1467,1
932,3293,1
932,5339,1
933,1467,1
933,2060,1
933,2651,1
933,3293,1
933,5339,1
934,5339,7
935,707,1
935,1746,1
936,1746,1
936,1982,1
937,1746,1
937,2354,1
938,1746,1
938,2783,1
939,1746,1
940,1746,1
940,3573,1
941,1746,1
941,3600,1
942,1746,1
943,1746,1
944,1746,1
944,4347,1
945,1746,1
946,1746,1
947,1746,1
947,5139,1
948,1746,1
948,5296,1
949,1746,1
949,5341,1
950,1128,1
950,1746,1
951,1746,1
951,1920,1
952,1746,1
952,1982,1
952,2456,1
953,1746,1
953,2247,1
953,2614,1
954,1746,1
954,2247,1
955,1746,1
955,2354,1
956,474,1
956,5339,1
958,1746,1
958,3730,1
959,1467,1
960,1746,1
961,1932,1
962,1783,1
963,3386,1
964,707,1
965,2354,1
966,474,7
966,2651,1
966,2651,7
966,3293,7
967,3049,1
968,3668,1
969,4698,1
970,4786,1
971,5123,1
974,2651,1
975,474,1
975,3293,1
975,5339,1
976,3240,1
976,3293,1
976,5339,1
977,3240,1
977,3857,1
977,5339,1
978,3293,1
978,3857,1
978,5339,1
979,3293,1
979,5339,1
980,3857,1
980,5339,1
981,1793,1
982,780,1
982,1467,1
982,1793,1
983,1467,1
983,4444,1
984,1467,1
984,2570,1
984,4444,1
985,1028,7
985,1255,7
985,1490,7
986,1490,7
986,1494,7
987,1255,1
987,1255,7
987,1467,1
987,1467,7
987,2060,1
987,2060,7
987,4981,1
987,4981,7
988,1811,1
988,5143,1
989,1811,1
990,1813,1
991,762,7
991,1255,7
992,2950,7
992,5339,7
993,1255,7
994,541,7
994,5339,7
995,1467,1
995,1467,7
995,1932,1
995,1932,7
995,2247,1
995,2247,7
995,3293,1
995,3293,7
996,1746,1
996,1932,1
997,1467,7
997,3293,7
998,972,1
998,1932,1
999,2060,1
999,4444,1
1000,1028,7
1001,762,1
1001,1467,1
1001,2060,1
1001,4215,1
1001,5339,1
1002,762,1
1002,1467,1
1002,1490,1
1002,2060,1
1002,4215,1
1002,5339,1
1003,762,1
1003,1467,1
1003,2060,1
1003,4215,1
1003,5339,1
1004,762,1
1004,1932,1
1005,1467,1
1005,1932,1
1005,2247,1
1005,3293,1
1006,1467,1
1006,1746,1
1006,1932,1
1006,3781,1
1007,707,1
1007,1467,1
1007,1746,1
1007,1932,1
1008,1467,1
1008,1932,1
1008,3781,1
1009,1467,1
1009,1932,1
1009,5139,1
1010,1467,1
1010,1746,1
1010,1932,1
1010,3781,1
1010,5139,1
1011,1467,1
1011,1746,1
1011,1932,1
1011,3781,1
1011,3924,1
1011,5139,1
1012,1255,1
1012,1255,7
1012,1932,1
1012,1932,7
1012,2247,1
1012,2247,7
1013,1255,1
1013,1932,1
1013,2247,1
1014,1467,1
1014,1932,1
1014,5139,1
1015,1467,1
1015,1746,1
1015,1932,1
1015,5139,1
1016,1467,7
1016,2060,7
1016,5339,7
1017,2060,7
1017,3293,7
1017,5339,7
1018,541,7
1018,2354,7
1019,1829,1
1020,972,1
1020,972,7
1020,1255,1
1020,1255,7
1020,1932,1
1020,1932,7
1021,972,1
1021,1746,1
1021,1932,1
1022,1835,1
1023,1837,1
1024,1255,7
1024,2060,7
1024,2247,7
1025,1956,1
1025,3924,1
1025,5139,1
1026,2060,1
1026,2651,1
1027,1467,1
1027,2060,1
1027,2651,1
1027,3293,1
1028,1855,1
1029,2060,7
1029,2247,7
1029,2268,7
1030,1871,1
1030,4129,1
1031,1871,1
1031,2950,1
1032,780,1
1032,1871,1
1033,1872,1
1034,1873,1
1035,1467,1
1035,1494,1
1035,2060,1
1035,3293,1
1035,5339,1
1036,1467,7
1036,1494,7
1036,2060,7
1036,3293,7
1036,5339,7
1037,1894,1
1038,1128,1
1038,1896,1
1039,1898,1
1039,3872,1
1040,1898,1
1041,1907,1
1042,1910,1
1043,1917,1
1045,1920,1
1045,2967,1
1046,1920,1
1047,1932,1
1047,1932,7
1047,2247,1
1047,2247,7
1047,3730,1
1047,3730,7
1048,972,1
1048,972,7
1048,1932,1
1048,1932,7
1048,3730,1
1048,3730,7
1049,1467,1
1049,1932,1
1049,2247,1
1049,3293,1
1049,3781,1
1050,1255,1
1050,2060,1
1050,5117,1
1051,1922,1
1052,1932,1
1052,2651,1
1053,1932,1
1053,5341,1
1054,1932,1
1055,1467,7
1055,2060,7
1055,4444,7
1055,5339,7
1056,1949,1
1057,1956,1
1057,3159,1
1058,1956,1
1058,5139,1
1059,1956,1
1060,707,1
1060,1957,1
1061,1957,1
1061,2354,1
1062,1957,1
1062,4347,1
1063,1957,1
1064,1935,1
1064,2950,1
1065,1935,1
1065,2950,1
1066,1935,1
1067,1255,1
1067,1255,7
1067,2060,1
1067,2060,7
1068,505,1
1069,2060,1
1069,3388,1
1070,2060,1
1071,2060,1
1072,2060,1
1073,2060,1
1074,2060,1
1074,2651,1
1074,2658,1
1075,2060,1
1075,2060,7
1075,2651,1
1075,2651,7
1075,3293,1
1075,3293,7
1076,2060,1
1077,2060,7
1078,1494,1
1078,2060,1
1078,2651,1
1078,5339,1
1079,2060,7
1080,2082,1
1080,2087,1
1081,2082,1
1081,2955,1
1082,2082,1
1083,2082,1
1083,4444,1
1084,2082,1
1084,4890,1
1085,2082,1
1086,2087,1
1086,5207,1
1087,2087,1
1087,3788,1
1088,2087,1
1088,5139,1
1089,2087,1
1090,2087,1
1091,2087,1
1091,2918,1
1091,5139,1
1092,1467,1
1092,2247,1
1092,3293,1
1092,5339,1
1093,2224,1
1093,2642,1
1094,2247,1
1094,2247,7
1095,1467,1
1095,1467,7
1095,2247,1
1095,2247,7
1096,601,1
1096,1467,1
1096,2247,1
1097,707,1
1097,1467,1
1097,2247,1
1098,601,7
1098,1467,7
1099,1467,7
1099,2247,7
1100,1467,1
1100,2247,1
1100,3293,1
1101,1467,1
1101,2247,1
1101,3781,1
1102,1467,1
1102,1746,1
1102,2247,1
1102,3781,1
1102,5139,1
1103,1467,1
1103,1746,1
1103,2247,1
1103,3781,1
1103,3924,1
1103,5139,1
1104,1467,7
1104,2247,7
1104,4786,7
1105,1467,7
1105,2060,7
1105,2247,7
1106,2247,1
1106,2247,7
1106,3386,1
1106,3386,7
1107,2247,7
1107,2268,7
1107,3386,7
1108,2247,7
1108,3386,7
1108,4786,7
1109,2247,7
1109,3386,7
1110,2247,1
1110,2247,7
1110,3293,1
1110,3293,7
1111,2247,1
1111,4786,1
1112,1028,1
1112,2224,1
1112,3208,1
1113,204,1
1113,1467,1
1113,2224,1
1114,1255,7
1114,1467,7
1114,2247,7
1115,1467,1
1115,2224,1
1115,3388,1
1116,1467,1
1116,1467,7
1116,2224,1
1116,2224,7
1116,2570,1
1116,3388,1
1116,4444,1
1116,4444,7
1117,1467,7
1117,2224,7
1117,5117,7
1118,2060,1
1118,3208,1
1119,1467,1
1119,1467,7
1119,1932,1
1119,1932,7
1119,2247,1
1119,2247,7
1120,707,1
1120,1467,1
1120,1932,1
1120,2247,1
1121,1467,1
1121,1932,1
1121,2247,1
1121,5139,1
1122,1467,1
1122,1746,1
1122,1932,1
1122,2247,1
1123,1467,1
1123,1932,1
1123,2247,1
1123,5139,1
1124,1467,1
1124,1932,1
1124,2247,1
1124,3781,1
1125,1467,1
1125,1746,1
1125,1932,1
1125,2247,1
1125,3781,1
1125,5139,1
1126,1467,1
1126,1746,1
1126,1932,1
1126,2247,1
1126,3781,1
1126,3924,1
1126,5139,1
1127,2114,1
1128,2060,1
1128,2247,1
1128,2268,1
1129,1932,1
1129,2247,1
1129,3293,1
1130,2247,7
1130,4359,7
1131,2261,7
1131,2967,7
1132,2187,1
1132,2224,1
1132,2224,7
1132,2952,1
1133,2187,1
1133,2224,1
1134,2187,1
1134,2224,1
1134,2224,7
1134,2642,1
1134,2642,7
1134,2952,1
1135,1255,7
1135,2247,7
1135,2268,7
1136,1015,1
1136,1932,1
1136,2247,1
1136,2268,1
1137,1255,1
1137,2060,1
1137,2247,1
1137,2268,1
1138,1746,1
1138,1746,7
1138,2247,1
1138,2247,7
1138,2268,1
1138,2268,7
1138,3730,1
1138,3730,7
1139,2247,1
1139,2247,7
1139,2268,1
1139,2268,7
1139,3730,1
1139,3730,7
1140,204,1
1140,2224,1
1141,2224,1
1141,2633,1
1142,2224,1
1142,3208,1
1143,2224,1
1143,3208,1
1144,2224,1
1145,2224,1
1145,2224,7
1145,4444,1
1145,4444,7
1146,2224,1
1147,2224,1
1148,2224,1
1149,2224,1
1150,853,1
1150,1467,1
1150,2224,1
1150,3093,1
1151,1467,1
1151,2224,1
1152,2224,1
1153,707,1
1153,2247,1
1154,2247,1
1155,2247,1
1156,2247,1
1156,3293,1
1157,2247,1
1157,3386,1
1158,2247,1
1158,3730,1
1158,5078,1
1159,2247,1
1159,3781,1
1160,2247,1
1161,2247,1
1162,2247,1
1162,4786,1
1163,2247,1
1164,2247,1
1164,2268,1
1164,3386,1
1165,2247,1
1165,2614,1
1166,2247,1
1166,3386,1
1167,2247,1
1167,3730,1
1168,2247,1
1168,3781,1
1169,1028,7
1169,2360,7
1170,4890,1
1172,2261,1
1172,2456,1
1173,2261,1
1173,2967,1
1174,2261,1
1175,2261,1
1175,2456,1
1176,2261,1
1176,2967,1
1177,2224,1
1177,3388,1
1178,2224,1
1178,3388,1
1179,1467,1
1179,1467,7
1179,2247,1
1179,2247,7
1179,3293,7
1179,3388,1
1180,2224,1
1180,2224,7
1180,3388,1
1180,3388,7
1181,2247,7
1181,3293,7
1181,3388,7
1182,2247,7
1182,3386,7
1182,5339,7
1183,2247,1
1183,2268,1
1183,3730,1
1183,4698,1
1184,172,7
1184,2247,1
1184,2247,7
1184,2268,1
1184,2268,7
1184,2783,1
1184,2783,7
1185,707,1
1185,2247,1
1185,2268,1
1185,2783,1
1186,1128,1
1186,2247,1
1186,2268,1
1186,2783,1
1187,2247,1
1187,2268,1
1187,2783,1
1187,3810,1
1188,2247,1
1188,2268,1
1188,2783,1
1188,4347,1
1189,172,1
1189,2247,1
1189,2268,1
1189,2783,1
1190,2247,1
1190,2247,7
1190,2268,1
1190,2268,7
1190,2783,1
1190,2783,7
1190,3730,1
1190,3730,7
1191,707,1
1191,2247,1
1191,2268,1
1191,2783,1
1191,3730,1
1192,972,1
1192,2247,1
1192,2268,1
1192,2783,1
1192,3730,1
1193,2247,1
1193,2268,1
1193,3730,1
1194,2247,1
1194,2268,1
1194,3730,1
1195,707,1
1195,2247,1
1195,2268,1
1195,3730,1
1196,1128,1
1196,2247,1
1196,2268,1
1196,3730,1
1197,2247,1
1197,2268,1
1197,3730,1
1197,3810,1
1198,2247,1
1198,2268,1
1198,3730,1
1199,2247,1
1199,2268,1
1199,2783,1
1199,3730,1
1199,3810,1
1200,2282,1
1202,2299,1
1204,972,1
1204,1255,1
1204,2247,1
1205,2950,1
1205,3811,1
1206,2310,1
1207,2247,1
1207,2268,1
1207,3730,1
1208,2247,1
1208,2783,1
1209,2247,1
1209,2247,7
1209,2268,1
1209,2268,7
1210,2247,1
1210,2268,1
1211,707,1
1211,2247,1
1211,2268,1
1212,2247,1
1212,2268,1
1212,2354,1
1213,2247,1
1213,2268,1
1214,2247,1
1214,2268,1
1214,2783,1
1215,2247,1
1215,2268,1
1216,2312,1
1216,3788,1
1217,2312,1
1217,4410,1
1218,2312,1
1219,2247,1
1219,3730,1
1220,3386,7
1222,2319,1
1223,1467,7
1223,2247,7
1224,2261,7
1224,2456,7
1225,1467,1
1225,3643,1
1225,5339,1
1226,1467,1
1226,3643,1
1226,5339,1
1227,1467,1
1227,2224,1
1227,3643,1
1228,1015,1
1228,2354,1
1229,1015,1
1229,2354,1
1229,4444,1
1230,1255,1
1230,2354,1
1231,1255,1
1231,2354,1
1231,4981,1
1232,2352,1
1232,3873,1
1233,2352,1
1234,2352,1
1234,3873,1
1235,474,1
1235,2354,1
1235,3730,1
1236,1255,7
1236,2354,7
1237,707,1
1237,2354,1
1238,2354,1
1238,2783,1
1239,2354,1
1239,3159,1
1240,2354,1
1240,3386,1
1241,2354,1
1241,3781,1
1242,2354,1
1243,2354,1
1243,4444,1
1244,2354,1
1245,2354,1
1246,2354,1
1246,4852,1
1247,2354,1
1247,5139,1
1248,2354,1
1248,3643,1
1248,5315,1
1248,5341,1
1249,2354,1
1250,1128,1
1250,2354,1
1251,1255,1
1251,2354,1
1252,2354,1
1252,3730,1
1252,3781,1
1253,2247,1
1253,2354,1
1254,2354,7
1254,2783,7
1255,2354,1
1255,2354,7
1255,3730,1
1255,3730,7
1256,2354,1
1256,3730,1
1256,4698,1
1257,707,1
1257,707,7
1257,2354,1
1257,2354,7
1257,3730,1
1257,3730,7
1258,2358,1
1259,2354,1
1259,3924,1
1259,5139,1
1260,2378,1
1261,1255,1
1261,2354,1
1261,2651,1
1262,2386,1
1263,2397,1
1264,1710,1
1264,2821,1
1265,1467,1
1265,2060,1
1265,2651,1
1265,3293,1
1265,4444,1
1265,4939,1
1265,5339,1
1266,2456,1
1266,2963,1
1267,2456,1
1268,2456,1
1268,4890,1
1269,2456,1
1270,2456,1
1270,2963,1
1270,4410,1
1271,2456,1
1271,4410,1
1271,4890,1
1272,1255,7
1272,2354,7
1272,3781,7
1273,972,1
1273,972,7
1273,1746,1
1273,1746,7
1273,2354,1
1273,2354,7
1274,2354,1
1274,2354,7
1274,5341,1
1274,5341,7
1275,2354,1
1275,5341,1
1276,135,1
1277,272,7
1277,1255,7
1278,3388,1
1279,2658,1
1279,3388,1
1280,272,7
1280,1255,7
1280,3293,7
1281,4444,1
1282,1255,1
1282,1467,1
1282,2060,1
1282,3293,1
1282,4934,1
1282,5339,1
1283,357,1
1283,742,1
1283,1270,1
1283,3340,1
1283,3691,1
1284,2517,1
1285,272,1
1285,272,7
1285,1467,1
1285,1467,7
1285,2217,7
1285,2247,1
1285,2247,7
1285,3293,1
1285,3293,7
1286,541,7
1286,2060,7
1287,234,7
1287,1467,7
1287,2268,7
1287,3293,7
1287,5339,7
1288,5148,1
1289,2187,1
1290,3357,1
1291,170,1
1293,199,1
1294,1469,1
1294,2060,1
1295,1469,1
1295,2060,1
1296,762,7
1296,5339,7
1297,2578,1
1298,2614,1
1298,2658,1
1299,2614,1
1299,4064,1
1300,2614,1
1301,5372,1
1302,2614,1
1303,1467,1
1303,1467,7
1303,3248,7
1303,5339,1
1303,5339,7
1304,1467,1
1304,3293,1
1304,5339,1
1305,1467,1
1305,1523,1
1305,3293,1
1305,5339,1
1306,1467,1
1306,2082,1
1306,3293,1
1306,5339,1
1307,1467,1
1307,2658,1
1307,3293,1
1307,5339,1
1308,1467,1
1308,3293,1
1308,4131,1
1308,5339,1
1309,1467,1
1309,3293,1
1310,2642,1
1310,4181,1
1311,2632,1
1311,4444,1
1312,2633,1
1312,3643,1
1313,2633,1
1313,3661,1
1314,2633,1
1314,4444,1
1315,2633,1
1315,5252,1
1316,2633,1
1316,5315,1
1317,2633,1
1318,2633,1
1318,3643,1
1318,5315,1
1319,2642,1
1319,3240,1
1319,3293,1
1319,3615,1
1320,2060,1
1320,2642,1
1320,5148,1
1321,1015,7
1321,2060,7
1321,2651,7
1321,3248,7
1321,5339,7
1322,2642,1
1322,3049,1
1324,4698,1
1325,474,1
1325,2642,1
1325,5339,1
1326,2642,1
1326,3388,1
1327,2642,1
1327,3388,1
1327,5148,1
1328,1467,1
1328,1932,1
1328,3781,1
1329,1467,1
1329,1932,1
1329,3781,1
1330,2645,1
1331,2646,1
1331,3661,1
1332,2646,1
1332,4444,1
1333,2646,1
1334,3293,7
1335,2835,1
1335,4444,1
1336,2060,1
1336,2060,7
1336,2651,1
1336,2651,7
1337,1467,1
1337,2224,1
1337,2633,1
1337,4444,1
1338,2247,1
1338,2247,7
1338,2268,1
1338,2268,7
1338,2783,1
1338,2783,7
1339,707,1
1339,2247,1
1339,2268,1
1339,2783,1
1340,1490,7
1341,2354,1
1341,2651,1
1342,2651,1
1342,3293,1
1343,2651,1
1343,3781,1
1344,2651,1
1344,5341,1
1345,2651,1
1346,2060,7
1346,2651,7
1346,3248,7
1347,2354,1
1347,2651,1
1347,5341,1
1348,2354,1
1348,2651,1
1348,5341,1
1349,199,1
1350,2658,1
1351,2658,1
1352,2658,1
1352,3861,1
1353,2658,1
1354,2658,1
1355,2658,1
1355,5339,1
1356,2658,1
1356,5339,1
1357,2247,7
1357,2651,7
1357,3248,7
1357,3293,7
1358,2697,1
1359,2712,1
1361,2724,1
1361,2821,1
1362,2724,1
1363,2732,1
1364,2732,1
1364,4981,1
1365,2732,1
1365,5437,1
1366,2732,1
1368,2726,1
1370,1467,1
1370,2060,1
1370,5003,1
1370,5339,1
1371,2247,1
1371,2268,1
1372,3386,1
1373,2247,1
1373,2268,1
1373,3730,1
1375,2354,1
1376,3386,1
1377,5013,1
1378,5291,1
1379,1015,1
1379,3781,1
1380,1255,1
1380,1467,1
1381,1255,1
1381,3781,1
1382,762,1
1382,1255,1
1382,1467,1
1382,1494,1
1382,2651,1
1383,707,7
1383,1255,7
1383,2783,7
1384,2774,1
1384,3600,1
1385,2774,1
1386,2774,1
1387,2774,1
1387,3600,1
1388,2781,1
1389,1467,1
1389,2633,1
1389,3730,1
1389,4444,1
1389,5339,1
1390,1255,1
1390,1467,1
1390,2633,1
1390,4444,1
1390,5339,1
1391,2835,1
1391,2950,1
1392,707,1
1392,2783,1
1393,1128,1
1393,2783,1
1394,2783,1
1394,3386,1
1395,2783,1
1395,4934,1
1396,2783,1
1397,2783,1
1398,1710,1
1398,2783,1
1398,4934,1
1399,1128,1
1399,2783,1
1399,5314,1
1400,2783,1
1401,707,1
1401,2783,1
1402,2783,1
1402,2783,7
1402,3730,1
1402,3730,7
1403,1024,1
1403,2789,1
1404,2789,1
1404,4129,1
1405,780,1
1405,2789,1
1405,2950,1
1406,1710,1
1406,2821,1
1407,2821,1
1408,2060,7
1408,2651,7
1408,3248,7
1408,3293,7
1409,1932,1
1409,2060,1
1409,2651,1
1410,2833,1
1411,2834,1
1412,2651,7
1412,2835,1
1413,2835,1
1414,762,7
1414,1015,7
1414,2060,7
1415,1982,7
1415,2861,7
1416,1024,1
1416,1467,1
1417,1024,1
1417,1255,1
1417,1467,1
1417,2060,1
1418,2578,1
1418,2861,1
1419,1812,1
1419,2578,1
1419,2861,1
1420,996,7
1421,1024,1
1421,3049,7
1421,3208,1
1421,3293,7
1421,4215,7
1422,1024,1
1422,1255,1
1422,1467,1
1422,2060,1
1422,2950,1
1423,1024,1
1423,1467,1
1423,2950,1
1424,1024,1
1424,4981,1
1425,474,1
1425,3293,1
1426,474,1
1427,474,1
1427,5339,1
1428,474,1
1428,5339,1
1429,474,1
1429,5339,1
1430,2268,7
1431,2967,7
1431,3386,7
1432,474,7
1432,3293,7
1433,474,7
1433,3293,7
1434,2732,1
1434,2913,1
1435,2913,1
1437,2913,1
1438,2918,1
1438,2963,1
1439,2918,1
1439,3781,1
1440,2918,1
1440,5139,1
1441,2918,1
1442,2918,1
1442,2963,1
1442,5139,1
1443,474,7
1443,5339,7
1444,2922,1
1445,474,7
1445,1467,7
1445,5339,7
1446,2939,1
1447,1255,1
1447,2247,1
1448,1467,1
1448,2060,1
1448,3208,1
1449,2950,1
1450,2950,1
1450,3661,1
1451,2950,1
1452,2950,1
1452,4444,1
1453,2950,1
1453,4873,1
1454,2950,1
1455,2950,1
1455,4444,1
1456,2955,1
1456,3872,1
1457,2955,1
1458,2955,1
1459,2956,1
1460,707,1
1460,2963,1
1461,2963,1
1461,3788,1
1462,2963,1
1462,4410,1
1463,2963,1
1463,5139,1
1464,2963,1
1465,2963,1
1465,4890,1
1466,2967,1
1467,2247,7
1469,199,1
1470,474,1
1470,3293,1
1470,4939,1
1470,5339,1
1471,474,7
1471,5339,7
1472,3240,7
1472,3293,7
1474,3027,1
1475,1151,7
1475,2247,7
1475,3293,7
1476,2247,1
1477,5315,1
1478,1467,7
1478,2268,7
1478,3293,7
1478,5339,7
1479,707,1
1479,3049,1
1480,3049,1
1481,1151,1
1481,1467,7
1481,3049,1
1481,3208,7
1481,3293,1
1481,3388,1
1481,4215,1
1482,3049,1
1482,3293,1
1482,4215,1
1483,3049,1
1483,4934,1
1484,3053,1
1485,1151,1
1485,4215,1
1485,5339,1
1486,1151,1
1486,2060,1
1486,4215,1
1486,5339,1
1487,3062,1
1489,199,1
1490,3208,1
1491,474,7
1491,1028,7
1491,1467,7
1491,2614,7
1491,3293,7
1491,5003,7
1491,5339,7
1492,1015,1
1492,1467,1
1492,2060,1
1492,5339,1
1493,3084,1
1494,3085,1
1495,3086,1
1496,1784,1
1497,1151,7
1497,5339,7
1498,762,1
1498,762,7
1498,1467,1
1498,1467,7
1498,3293,1
1498,3293,7
1498,5339,1
1498,5339,7
1499,762,7
1499,1467,7
1499,3293,7
1499,5339,7
1500,204,7
1500,1467,7
1501,762,1
1501,1467,1
1501,1494,1
1501,3293,1
1502,2060,1
1502,2651,1
1502,3293,1
1503,1255,1
1503,2651,1
1503,3293,1
1503,3781,1
1504,762,1
1504,1467,1
1504,1494,1
1504,3293,1
1505,762,7
1505,3178,7
1505,5339,7
1506,1467,1
1506,1467,7
1506,3049,1
1506,3049,7
1506,3293,1
1506,3293,7
1507,364,1
1507,1467,7
1507,2060,1
1507,2060,7
1507,3293,7
1508,474,7
1508,1467,7
1508,3293,7
1508,5339,7
1509,2247,7
1509,2268,7
1510,762,1
1510,762,7
1510,1467,1
1510,1467,7
1510,3293,1
1510,3293,7
1510,5339,1
1510,5339,7
1512,1255,7
1512,1467,7
1512,1490,7
1512,3178,7
1512,5339,7
1513,1467,7
1513,2268,7
1513,3293,7
1513,5339,7
1514,1490,1
1514,2651,1
1515,1255,1
1515,2268,1
1515,3293,1
1516,1255,1
1516,2651,1
1516,3293,1
1517,1255,1
1517,3293,1
1517,3862,1
1518,3293,1
1518,4444,1
1518,5013,1
1519,1467,1
1519,4444,1
1519,5339,1
1520,541,7
1520,2060,7
1521,762,7
1521,1255,7
1521,3293,7
1522,1028,1
1522,3293,1
1522,4939,1
1523,1028,7
1523,1467,7
1523,3208,7
1524,1255,1
1524,1255,7
1524,2247,1
1524,2247,7
1524,3386,1
1524,3386,7
1525,1467,1
1525,3208,1
1525,5339,1
1526,1255,1
1526,1255,7
1526,3293,1
1526,3293,7
1527,1255,1
1527,1746,1
1527,2247,1
1528,707,1
1528,1255,1
1528,1746,1
1528,2247,1
1528,2268,1
1529,3060,7
1529,3332,7
1529,3696,7
1530,1467,7
1530,3293,7
1531,3192,1
1531,4890,1
1532,3192,1
1533,2247,7
1534,3199,1
1534,4890,1
1535,3199,1
1536,3208,1
1537,3208,1
1538,3208,1
1539,3208,1
1539,3208,7
1540,3209,1
1541,853,1
1541,2224,1
1541,3093,1
1541,3208,1
1542,853,1
1542,3208,1
1543,3208,1
1544,3208,1
1545,3232,1
1546,3240,1
1546,3293,1
1547,3240,1
1548,3240,1
1548,5339,1
1549,3240,1
1550,3240,1
1551,3240,1
1551,3293,1
1552,3240,1
1552,3293,1
1552,5339,1
1553,3240,1
1553,3293,1
1553,5339,1
1554,3240,1
1554,3293,1
1555,2060,1
1555,3293,1
1555,3857,1
1556,3293,1
1556,3857,1
1557,3293,1
1558,3293,1
1558,4444,1
1559,3293,1
1559,4870,1
1560,3293,1
1561,3293,1
1561,5339,1
1562,3293,1
1563,3293,1
1563,4870,1
1563,5369,1
1564,3293,1
1565,3293,1
1565,5013,1
1567,3340,1
1567,3691,1
1567,4971,1
1568,2247,7
1568,2268,7
1568,3293,7
1569,2247,1
1569,2268,1
1569,3730,1
1569,4698,1
1570,2247,1
1570,2268,1
1570,3600,1
1570,3730,1
1571,2247,1
1571,2268,1
1571,3730,1
1571,3810,1
1572,2268,1
1572,3730,1
1572,3872,1
1573,2247,1
1573,2268,1
1573,3730,1
1574,1128,1
1574,2247,1
1574,2268,1
1574,2783,1
1574,3730,1
1575,2247,7
1575,3192,7
1575,3208,7
1576,1255,1
1576,2651,1
1576,3386,1
1577,3357,1
1578,2060,1
1578,2060,7
1578,2651,1
1578,2651,7
1578,3248,7
1578,3388,1
1578,3388,7
1579,1255,7
1579,2060,7
1579,2651,7
1579,3248,7
1579,3388,7
1580,1467,1
1580,2712,1
1580,3293,1
1580,5339,1
1581,1467,1
1581,2224,1
1581,5339,1
1582,3382,1
1583,2224,7
1583,3388,7
1584,3386,1
1586,1255,1
1586,2060,1
1586,3387,1
1587,3387,1
1587,4786,1
1588,3387,1
1589,2578,1
1589,3388,1
1590,3388,1
1591,2060,7
1591,3388,1
1591,3388,7
1591,5341,1
1592,3388,1
1593,474,1
1593,3388,1
1593,5339,1
1594,3388,1
1594,3857,1
1594,5339,1
1595,1015,1
1595,1467,1
1595,2060,1
1595,5339,1
1596,3293,1
1596,3386,1
1596,3388,1
1597,3178,7
1597,3293,7
1597,4215,7
1597,5339,7
1598,3293,7
1598,3386,7
1598,5339,7
1599,474,7
1599,3293,7
1599,5339,7
1600,3293,7
1600,3857,7
1600,5339,7
1601,762,7
1601,3178,7
1601,5339,7
1602,3391,1
1603,762,7
1603,1255,7
1603,3386,7
1603,5339,7
1604,2247,1
1604,5339,1
1605,2247,7
1605,4786,7
1605,5339,7
1606,3398,1
1607,3178,7
1607,3293,7
1607,5339,7
1608,762,7
1608,3178,7
1608,4215,7
1608,5339,7
1609,3178,1
1609,4215,1
1609,5339,1
1610,762,1
1610,762,7
1610,3178,1
1610,3178,7
1610,4215,1
1610,4215,7
1610,5339,1
1610,5339,7
1611,762,7
1611,1490,7
1611,3178,7
1611,4215,7
1611,5339,7
1612,762,1
1612,1490,1
1612,3178,1
1612,4215,1
1612,5339,1
1613,762,7
1613,3178,7
1613,4215,7
1613,5339,7
1614,3432,1
1615,3436,1
1616,1255,7
1616,2247,7
1616,2268,7
1616,3293,7
1617,2950,1
1617,3208,1
1618,3208,1
1618,3208,7
1618,4981,1
1618,4981,7
1619,780,1
1619,1255,1
1619,1255,7
1619,2268,7
1619,3208,1
1619,3293,1
1619,3293,7
1619,3386,1
1619,3386,7
1619,4215,1
1619,4215,7
1619,5339,1
1620,2950,1
1620,3208,1
1621,3293,1
1621,4444,1
1621,4934,1
1622,1255,7
1622,2268,7
1622,3293,7
1623,2268,7
1623,3293,7
1624,1255,1
1624,1255,7
1624,3293,1
1624,3293,7
1625,1255,1
1625,3293,1
1626,1028,1
1626,2060,1
1626,3293,1
1627,1255,1
1627,1932,1
1627,3293,1
1628,2247,7
1628,3388,7
1628,5339,7
1629,1255,1
1629,3386,1
1630,3178,1
1630,3178,7
1630,4215,1
1630,4215,7
1631,2060,7
1631,3388,7
1631,5013,7
1632,3178,7
1632,4215,7
1632,5339,7
1633,3452,1
1634,1490,1
1634,5339,1
1635,494,1
1635,3781,1
1636,3781,1
1636,3872,1
1637,3781,1
1637,5119,1
1638,3781,1
1638,5139,1
1639,3781,1
1640,3781,1
1640,3924,1
1640,5139,1
1641,4639,1
1642,3049,7
1642,3178,7
1643,3478,1
1644,2247,1
1644,2268,1
1644,2783,1
1644,3730,1
1645,3509,1
1647,3520,1
1648,1467,1
1648,3531,1
1648,3781,1
1649,1467,1
1649,3531,1
1649,3781,1
1650,3531,1
1651,2247,7
1651,2268,7
1651,3388,7
1652,3567,1
1653,2060,1
1653,3293,1
1653,3567,1
1653,5339,1
1654,3568,1
1656,3573,1
1656,3873,1
1657,3576,1
1658,3578,1
1659,3601,1
1660,3600,1
1661,3600,1
1662,2774,1
1662,3600,1
1663,707,1
1665,1467,1
1665,2651,1
1665,3293,1
1665,4444,1
1666,1467,1
1666,2651,1
1666,3293,1
1666,4444,1
1666,5339,1
1667,3388,7
1667,5339,7
1668,1467,1
1668,3781,1
1669,494,1
1669,1467,1
1669,3781,1
1670,1467,1
1670,1932,1
1670,3781,1
1671,1467,1
1671,1932,1
1671,3781,1
1672,1467,1
1672,3661,1
1672,5339,1
1673,1255,7
1673,5339,7
1674,1255,1
1674,3661,1
1675,1255,1
1675,2060,1
1675,3661,1
1676,1467,1
1676,2224,1
1676,3661,1
1677,1015,1
1677,2060,1
1677,2651,1
1677,3661,1
1678,1467,1
1678,3661,1
1678,5339,1
1679,5339,7
1680,762,7
1680,5339,7
1681,3643,1
1682,2732,1
1682,3654,1
1683,3654,1
1685,3654,1
1686,2060,1
1686,2060,7
1686,5339,1
1686,5339,7
1687,2224,1
1687,3730,1
1687,4444,1
1688,3661,1
1689,707,1
1689,3667,1
1690,3667,1
1691,3682,1
1693,1255,7
1693,2354,7
1693,3600,7
1694,2060,7
1694,3388,7
1694,5339,7
1695,4215,7
1695,5339,7
1696,4215,1
1696,4215,7
1696,5339,1
1696,5339,7
1697,3721,1
1698,3730,1
1699,2247,1
1699,2268,1
1699,3730,1
1700,707,1
1700,3730,1
1701,3730,1
1701,3781,1
1702,3730,1
1703,3730,1
1704,3730,1
1704,3781,1
1704,5078,1
1705,1015,7
1705,1255,7
1705,3293,7
1706,1467,1
1706,2060,1
1706,5339,1
1707,762,7
1707,1255,7
1707,1467,7
1708,1255,1
1708,1467,1
1709,762,1
1709,1467,1
1709,2060,1
1709,3293,1
1709,5339,1
1710,707,1
1710,3781,1
1711,3781,1
1711,3846,1
1712,3781,1
1712,3872,1
1713,3781,1
1713,4347,1
1714,3781,1
1715,3781,1
1716,3781,1
1716,5341,1
1717,707,1
1717,3781,1
1718,3781,1
1718,3924,1
1718,5139,1
1719,707,1
1719,3781,1
1719,5117,1
1720,3782,1
1721,780,1
1721,1467,1
1722,1255,7
1722,2247,1
1722,2247,7
1722,3208,1
1723,1255,7
1723,1746,7
1723,2247,7
1723,3810,7
1724,3810,1
1725,3811,1
1725,4444,1
1726,3811,1
1727,1467,7
1727,5003,7
1727,5339,7
1728,3208,7
1728,4215,7
1729,3846,1
1730,762,7
1730,1255,7
1730,2268,7
1730,3293,7
1731,1255,1
1731,1467,1
1731,1932,1
1731,2060,1
1732,1015,1
1732,1255,7
1732,1467,7
1732,2060,1
1732,3781,1
1733,1255,1
1733,2247,1
1733,3781,1
1734,1467,1
1734,3661,1
1734,3901,1
1735,1467,1
1735,4129,1
1736,1467,1
1736,1467,7
1736,3901,1
1736,3901,7
1736,4444,1
1736,4444,7
1737,3049,1
1737,3049,7
1737,4215,1
1737,4215,7
1737,5339,1
1737,5339,7
1738,762,7
1738,1255,7
1738,2060,7
1739,474,1
1739,1467,1
1739,2060,1
1739,3240,1
1739,3293,1
1739,5339,1
1740,1255,1
1740,1932,1
1740,2247,1
1740,2354,1
1741,3857,1
1741,5339,1
1742,3861,1
1743,3862,1
1744,707,1
1745,5123,1
1747,1255,7
1747,1932,7
1747,2187,7
1747,2247,7
1747,2268,7
1748,3872,1
1749,707,1
1749,3873,1
1750,3873,1
1751,3874,1
1752,2060,1
1752,3388,1
1753,3885,1
1754,204,1
1754,3901,1
1755,3901,1
1756,1467,7
1756,2060,7
1757,1467,1
1757,2060,1
1757,4215,1
1758,3924,1
1758,5139,1
1759,3924,1
1759,5139,1
1760,2569,1
1761,1255,1
1761,1255,7
1761,1932,1
1761,2060,7
1761,3781,1
1761,3781,7
1762,1255,1
1762,2060,1
1763,3928,1
1764,1255,7
1764,2060,7
1764,2247,7
1764,2268,7
1764,3293,7
1765,1255,7
1765,2247,7
1765,3293,7
1766,2247,1
1766,2247,7
1766,3208,1
1766,3208,7
1766,4890,1
1766,4890,7
1767,1255,1
1767,2354,1
1767,3781,1
1768,3924,7
1768,5139,7
1769,1068,7
1769,2614,7
1769,4215,7
1770,1255,7
1770,2651,7
1771,1255,7
1771,2060,7
1771,2651,7
1773,4034,1
1774,4046,1
1776,4063,1
1777,4064,1
1778,1255,7
1778,3293,7
1779,2247,7
1779,3208,7
1779,3293,7
1780,1467,7
1780,2247,7
1780,3293,7
1781,762,1
1781,1467,1
1781,2060,1
1781,3388,1
1781,5339,1
1782,5339,7
1783,1467,7
1783,3049,7
1783,4215,7
1783,5339,7
1784,1467,1
1784,4070,1
1784,4444,1
1785,4129,1
1786,4129,1
1787,3872,1
1787,4129,1
1788,762,7
1788,1255,7
1788,3293,7
1788,5339,7
1789,3240,1
1789,3293,1
1789,5339,1
1790,763,1
1790,4131,1
1791,4131,1
1792,4131,1
1792,5339,1
1793,4171,1
1794,4174,1
1795,4444,1
1797,4444,1
1799,1255,7
1800,2651,7
1800,3293,7
1800,4215,7
1801,4215,1
1802,1467,7
1802,2060,7
1802,3293,7
1803,762,1
1803,762,7
1803,1467,1
1803,1467,7
1803,2060,1
1803,2060,7
1803,3293,1
1803,3293,7
1803,5339,1
1803,5339,7
1804,1467,1
1804,1467,7
1804,2060,1
1804,2060,7
1804,2268,7
1804,3178,1
1804,3178,7
1804,3293,1
1804,3293,7
1804,4215,1
1804,4215,7
1804,5339,1
1804,5339,7
1805,3781,7
1806,2354,1
1807,780,1
1807,4129,1
1807,5339,7
1808,170,1
1809,1467,1
1809,4444,1
1809,5339,1
1810,762,1
1810,1467,1
1810,4444,1
1811,630,1
1811,4444,1
1812,630,1
1812,2950,1
1812,4444,1
1813,1467,1
1813,4444,1
1813,5339,1
1814,1467,1
1814,2060,1
1814,4444,1
1814,5339,1
1815,1467,1
1815,1932,1
1815,4444,1
1815,5339,1
1816,1467,1
1816,1932,1
1816,4444,1
1816,5339,1
1817,1467,1
1817,4444,1
1817,5339,1
1818,1467,1
1818,2060,1
1818,4444,1
1818,5339,1
1819,1467,1
1819,1467,7
1819,2570,1
1819,4444,1
1819,4444,7
1819,5339,1
1819,5339,7
1820,1467,1
1820,2570,1
1820,4444,1
1820,5339,1
1821,1467,1
1821,3730,1
1821,4444,1
1821,5339,1
1822,1255,1
1822,1467,1
1822,4444,1
1822,5339,1
1823,1467,1
1823,2060,1
1823,4444,1
1824,1268,1
1824,3388,1
1824,4444,1
1825,1467,1
1825,3293,1
1825,4444,1
1825,5339,1
1826,1467,1
1826,2060,1
1826,2651,1
1826,3293,1
1826,4444,1
1826,5339,1
1827,1467,1
1827,3293,1
1827,4444,1
1827,5339,1
1828,1467,1
1828,4444,1
1829,1467,1
1829,2060,1
1829,4444,1
1829,5369,1
1830,1467,1
1830,1467,7
1830,4444,1
1830,4444,7
1830,5339,1
1830,5339,7
1831,1028,1
1831,2060,1
1831,3208,1
1831,4444,1
1832,1015,1
1832,4444,1
1833,3730,1
1833,4444,1
1834,1255,1
1834,1255,7
1834,4444,1
1834,4444,7
1835,1255,1
1835,2060,1
1835,2651,1
1835,3293,1
1835,4444,1
1836,3730,7
1836,4444,7
1837,1467,1
1837,2060,1
1837,4444,1
1837,5339,1
1838,1255,1
1838,2060,1
1838,4444,1
1839,2224,1
1839,3388,1
1839,4444,1
1840,2224,1
1840,3388,1
1840,4444,1
1841,1467,1
1841,2354,1
1841,4444,1
1841,5339,1
1842,1255,1
1842,2354,1
1842,4444,1
1843,2354,1
1843,2354,7
1843,3730,1
1843,3730,7
1843,4444,1
1843,4444,7
1844,4444,1
1845,1467,1
1845,3293,1
1845,4444,1
1845,5339,1
1846,1467,7
1846,3248,7
1846,4444,7
1846,5339,7
1847,1015,1
1847,2060,1
1847,2651,1
1847,4444,1
1848,2060,1
1848,2651,1
1848,4444,1
1849,2712,1
1849,4444,1
1850,1151,1
1850,3049,1
1850,3293,1
1850,3388,1
1850,4215,1
1850,4444,1
1851,1467,1
1851,4444,1
1851,5339,1
1852,1467,1
1852,4444,1
1852,5339,1
1853,1467,1
1853,1932,1
1853,4444,1
1854,1467,1
1854,2570,1
1854,4444,1
1854,5339,1
1855,3293,1
1855,4215,1
1855,4444,1
1856,2268,7
1856,3293,1
1856,3293,7
1856,4215,1
1856,4215,7
1856,4444,1
1856,4444,7
1856,5339,1
1856,5339,7
1857,2651,1
1857,3388,1
1857,4444,1
1857,5341,1
1858,1467,1
1858,4444,1
1859,1467,1
1859,4034,1
1859,4444,1
1859,5339,1
1860,1151,1
1860,4444,1
1860,5339,1
1861,1467,1
1861,2950,1
1861,4444,1
1861,5339,1
1862,762,1
1862,1490,1
1862,4444,1
1863,4578,1
1865,4343,1
1866,4347,1
1867,4357,1
1868,1268,1
1868,1467,1
1868,4444,1
1869,4372,1
1870,4378,1
1871,4386,1
1872,1015,7
1872,2060,7
1872,2651,7
1872,4444,7
1873,1015,1
1873,2060,1
1873,2651,1
1873,2950,1
1873,4444,1
1874,199,7
1874,1255,7
1874,1490,7
1875,780,1
1875,1151,1
1875,4444,1
1876,4435,1
1877,2570,1
1877,4444,1
1878,4444,1
1879,4445,1
1880,5339,7
1881,4458,1
1882,4460,1
1883,4463,1
1884,1028,1
1885,4934,1
1886,1467,1
1886,2060,1
1886,4215,1
1886,4444,1
1886,4981,1
1887,541,7
1887,2247,7
1887,2354,7
1888,4488,1
1889,4496,1
1890,780,1
1890,780,7
1890,2950,1
1890,2950,7
1891,780,1
1891,1467,1
1891,2950,1
1892,780,1
1892,2082,1
1892,4444,1
1895,4501,1
1896,4786,7
1898,1467,1
1898,2060,1
1898,4444,1
1898,5339,1
1899,762,1
1899,762,7
1899,3049,1
1899,3049,7
1899,4786,1
1899,4786,7
1900,1514,1
1900,4576,1
1901,4576,1
1902,4576,1
1903,4577,1
1904,4578,1
1906,2642,1
1907,4622,1
1908,3293,7
1909,2060,7
1909,2268,7
1909,2578,7
1909,3248,7
1910,474,7
1910,2060,7
1910,2268,7
1910,3293,7
1910,4939,7
1912,4638,1
1913,4639,1
1914,4639,1
1914,5369,1
1915,4639,1
1916,1255,1
1916,1467,1
1916,5339,1
1917,1255,1
1917,1467,1
1917,5117,1
1917,5339,1
1918,762,7
1918,1255,7
1918,1467,7
1918,1494,7
1918,3293,7
1919,1024,1
1919,4576,1
1920,2247,1
1920,2247,7
1920,3386,1
1920,3386,7
1920,4786,1
1920,4786,7
1921,474,1
1921,474,7
1921,2060,1
1921,2060,7
1921,2651,1
1921,2651,7
1921,3293,1
1921,3293,7
1922,4697,1
1923,4698,1
1924,3810,1
1924,4705,1
1925,4705,1
1926,3730,1
1927,707,1
1927,3730,1
1928,1028,1
1928,1255,1
1928,1467,1
1929,762,1
1929,762,7
1929,2060,1
1929,2060,7
1929,3178,1
1929,3178,7
1929,5339,1
1929,5339,7
1930,1467,7
1930,1494,7
1930,3386,7
1930,5003,7
1932,4852,1
1933,2578,1
1933,4855,1
1934,4855,1
1935,4856,1
1936,780,1
1936,4576,1
1937,762,7
1937,1255,7
1937,1467,7
1937,1494,7
1937,2268,7
1937,3293,7
1938,541,7
1938,1467,7
1938,1494,7
1938,5339,7
1939,1467,1
1939,3781,1
1940,1255,7
1940,1467,7
1941,1467,7
1941,2642,7
1941,4981,7
1942,1467,1
1942,3781,1
1943,1467,1
1943,1932,1
1943,3781,1
1944,4890,1
1944,5139,1
1945,1467,1
1945,1932,1
1945,2247,1
1945,3781,1
1946,1467,1
1946,2247,1
1946,3781,1
1947,1746,1
1947,3781,1
1947,5139,1
1948,3293,7
1948,5003,7
1948,5339,7
1950,2247,1
1951,4877,1
1952,4879,1
1953,2527,1
1954,4888,1
1955,2087,7
1955,4890,7
1956,2963,7
1956,4890,7
1957,3208,1
1959,2456,1
1959,4890,1
1959,5207,1
1960,4890,1
1961,4890,1
1961,5139,1
1962,4890,1
1963,376,1
1963,4890,1
1964,2087,1
1964,4890,1
1965,2963,1
1965,4890,1
1966,3208,1
1967,4898,1
1968,1015,7
1968,3781,7
1968,5339,7
1969,4909,1
1970,762,7
1970,5013,7
1971,1467,1
1971,2060,1
1971,2651,1
1971,5117,1
1971,5339,1
1972,1467,1
1972,1746,1
1972,5139,1
1973,1015,1
1973,1015,7
1973,1746,1
1973,1746,7
1973,2571,1
1973,3781,1
1973,3924,1
1973,3924,7
1973,5139,1
1973,5139,7
1974,1467,1
1974,4981,1
1975,4912,1
1976,4914,1
1977,1982,7
1977,2060,7
1977,3781,7
1978,2268,1
1979,2821,7
1979,4934,7
1980,707,1
1980,4934,1
1981,4934,1
1982,4934,1
1983,4934,1
1984,4934,1
1985,4934,1
1985,4981,1
1986,4934,1
1987,4934,1
1988,1255,7
1988,2060,7
1988,3388,7
1988,4890,7
1989,4444,1
1989,4936,1
1990,4936,1
1991,4939,1
1992,4946,1
1993,1467,1
1993,3781,1
1993,5139,1
1994,1467,1
1994,3781,1
1994,5139,1
1995,1467,1
1995,1746,1
1995,1932,1
1995,2247,1
1995,2571,1
1995,5139,1
1996,1467,1
1996,1746,1
1996,1932,1
1996,2247,1
1996,2571,1
1996,3781,1
1996,5139,1
1997,4981,1
1998,4981,1
1999,4981,1
2000,4444,1
2000,4981,1
2001,5013,1
2002,2918,1
2002,3781,1
2002,5139,1
2003,1746,1
2003,1746,7
2003,3781,1
2003,3924,1
2003,3924,7
2003,5139,1
2003,5139,7
2004,1015,7
2004,2651,7
2004,3248,7
2004,3781,7
2005,1255,1
2005,1255,7
2005,2651,1
2005,2651,7
2005,3248,7
2005,3781,1
2005,3781,7
2006,5077,1
2007,5078,1
2008,5080,1
2009,2578,7
2009,3293,7
2010,5084,1
2011,3093,1
2012,2247,1
2012,3293,1
2012,5013,1
2013,5003,7
2013,5339,7
2014,5092,1
2015,707,1
2015,5117,1
2016,5117,1
2017,5118,1
2017,5139,1
2018,5118,1
2019,5119,1
2020,780,1
2020,1255,1
2020,1467,1
2020,2060,1
2020,3208,1
2020,4981,1
2021,5122,1
2022,2614,7
2022,3049,7
2022,4215,7
2022,5003,7
2023,2247,7
2023,2614,7
2023,3049,7
2023,4215,7
2023,5003,7
2024,3049,7
2024,4215,7
2024,5003,7
2024,5339,7
2025,5123,1
2026,5130,1
2027,5003,7
2028,4890,1
2028,5139,1
2029,2571,1
2030,5139,1
2031,5139,1
2032,5139,1
2033,5145,1
2034,707,1
2034,5069,1
2035,5069,1
2036,5207,1
2037,5207,1
2038,3781,7
2038,4444,7
2038,5117,7
2039,1469,1
2039,4444,1
2040,3781,1
2040,4444,1
2040,5117,1
2041,5139,1
2041,5230,1
2042,4981,1
2042,5339,1
2043,972,1
2043,1467,1
2043,1746,1
2043,1932,1
2046,3386,1
2047,5256,1
2048,780,1
2048,1028,1
2048,2060,1
2048,3208,1
2049,1467,1
2049,1932,1
2049,2247,1
2049,5341,1
2050,780,1
2050,1467,1
2051,1494,1
2051,5339,1
2052,474,7
2052,5339,7
2053,762,7
2053,1494,7
2054,762,7
2054,1255,7
2054,1494,7
2055,762,7
2055,1151,7
2055,1255,7
2055,1467,7
2055,1494,7
2056,762,1
2056,1255,1
2056,1467,1
2056,1494,1
2057,762,7
2057,1255,7
2057,1467,7
2057,1494,7
2058,762,7
2058,1490,7
2058,3049,7
2059,1467,1
2059,1467,7
2059,1494,1
2059,1494,7
2059,5339,1
2059,5339,7
2060,1467,1
2060,1494,1
2060,2060,1
2060,2651,1
2060,5339,1
2061,1467,7
2061,1490,7
2061,1494,7
2061,5339,7
2062,762,1
2062,1467,1
2062,2060,1
2062,5339,1
2063,1469,1
2063,5339,1
2064,1151,1
2064,5339,1
2065,5339,1
2066,4325,1
2066,5339,1
2067,5319,7
2067,5339,7
2068,1467,7
2068,2247,7
2068,3293,7
2068,5339,7
2069,1494,1
2069,1494,7
2069,2651,1
2069,2651,7
2069,5339,1
2069,5339,7
2070,1494,1
2070,2651,1
2070,5339,1
2072,2060,7
2072,3293,7
2073,3240,1
2073,3293,1
2073,5339,1
2074,5296,1
2075,5339,1
2076,1255,7
2076,1494,7
2077,5003,7
2077,5339,7
2078,5013,7
2079,2060,7
2079,5339,7
2080,762,7
2081,1028,7
2081,5339,7
2082,1028,7
2082,5339,7
2083,762,1
2083,3293,1
2083,5339,1
2084,1028,1
2084,1028,7
2084,1467,1
2084,1467,7
2084,3208,1
2084,3208,7
2084,5339,1
2084,5339,7
2085,1028,1
2085,1467,1
2085,3208,1
2085,5339,1
2086,762,7
2086,2247,7
2086,3293,7
2086,5339,7
2087,1467,1
2088,1467,7
2088,2247,7
2088,5339,7
2089,780,1
2089,1467,1
2089,4444,1
2089,5339,1
2090,1467,1
2090,2060,1
2090,2651,1
2090,5339,1
2091,1255,1
2091,2651,1
2092,1467,7
2092,5339,7
2093,5314,1
2094,1024,1
2094,5315,1
2095,4444,1
2095,5315,1
2096,5315,1
2097,1467,1
2097,5339,1
2098,762,1
2098,1467,1
2098,2060,1
2098,3388,1
2098,4215,1
2099,1467,1
2099,1932,1
2099,2247,1
2099,5139,1
2099,5341,1
2100,3924,1
2100,5139,1
2100,5341,1
2101,2060,1
2101,2651,1
2101,5339,1
2102,2060,1
2102,2060,7
2102,2651,1
2102,2651,7
2102,5339,1
2102,5339,7
2105,5339,1
2106,5339,1
2109,707,1
2109,5341,1
2110,3159,1
2110,5341,1
2111,5139,1
2111,5341,1
2112,2082,1
2112,5139,1
2112,5341,1
2113,1255,1
2113,2060,1
2113,2651,1
2114,762,7
2114,1255,7
2114,2060,7
2114,2651,7
2115,1255,1
2115,2060,1
2115,2651,1
2116,5346,1
2117,3208,7
2117,5339,7
2118,4215,7
2118,4939,7
2119,1494,7
2119,3293,7
2119,5339,7
2120,2060,7
2120,2268,7
2120,3293,7
2121,1467,1
2121,1467,7
2121,3208,1
2121,3208,7
2121,5339,1
2121,5339,7
2122,1028,1
2122,1467,1
2122,3208,1
2122,5339,1
2123,1467,1
2123,3208,1
2123,5339,1
2124,780,1
2124,3208,1
2125,780,1
2125,2950,1
2125,3208,1
2126,780,1
2126,2950,1
2126,3208,1
2127,780,1
2127,780,7
2127,3208,1
2127,3208,7
2127,4981,1
2127,4981,7
2128,1467,1
2128,2060,1
2128,3293,1
2128,5339,1
2129,1467,1
2129,2060,1
2129,3293,1
2129,5339,1
2130,762,1
2130,762,7
2130,1467,1
2130,1467,7
2130,2060,1
2130,2060,7
2130,3388,1
2130,3388,7
2130,5339,1
2130,5339,7
2131,1255,7
2131,1467,7
2131,2060,7
2131,5339,7
2132,4444,1
2132,5369,1
2133,5369,1
2134,1151,7
2134,4215,7
2134,5339,7
2135,1255,7
2136,1255,7
2136,2060,7
2137,780,1
2137,1467,1
2137,4444,1
2138,780,1
2138,1467,1
2138,4444,1
2138,5339,1
2139,780,1
2139,1467,1
2139,4444,1
2140,780,1
2140,4981,1
2141,780,1
2141,780,7
2141,4981,1
2141,4981,7
2142,780,1
2142,780,7
2142,1255,1
2142,1255,7
2142,1467,1
2142,1467,7
2142,2060,1
2142,2060,7
2142,4981,1
2142,4981,7
2143,1255,7
2143,2060,7
2143,3781,7
2143,5341,7
2144,780,1
2144,4981,1
2145,5375,1
2146,972,1
2146,3924,1
2146,5139,1
2147,1028,1
2147,2060,1
2147,2632,1
2147,3208,1
2147,4444,1
2148,3643,1
2148,5429,1
2149,5429,1
2151,2950,1
2151,5369,1
