legacy_regimen_id,legacy_anchor_drug_id,source_id,quarantine_reason
1,3890,1,drug_anchor_not_uniquely_validated
2,31786,1,drug_anchor_not_uniquely_validated
3,3729,1,drug_anchor_not_uniquely_validated
3,9253,1,drug_anchor_not_uniquely_validated
4,3729,1,drug_anchor_not_uniquely_validated
5,3729,1,drug_anchor_not_uniquely_validated
5,9253,1,drug_anchor_not_uniquely_validated
6,3729,1,drug_anchor_not_uniquely_validated
7,3438,1,drug_anchor_not_uniquely_validated
7,3438,7,drug_anchor_not_uniquely_validated
7,3477,1,drug_anchor_not_uniquely_validated
7,3729,1,drug_anchor_not_uniquely_validated
7,9253,1,drug_anchor_not_uniquely_validated
8,3729,1,drug_anchor_not_uniquely_validated
8,9253,1,drug_anchor_not_uniquely_validated
9,3729,1,drug_anchor_not_uniquely_validated
9,9253,1,drug_anchor_not_uniquely_validated
10,3729,1,drug_anchor_not_uniquely_validated
10,9253,1,drug_anchor_not_uniquely_validated
11,3729,1,drug_anchor_not_uniquely_validated
11,9253,1,drug_anchor_not_uniquely_validated
12,3729,1,drug_anchor_not_uniquely_validated
12,9253,1,drug_anchor_not_uniquely_validated
13,3729,1,drug_anchor_not_uniquely_validated
14,3729,1,drug_anchor_not_uniquely_validated
15,3729,1,drug_anchor_not_uniquely_validated
16,3729,1,drug_anchor_not_uniquely_validated
17,3729,1,drug_anchor_not_uniquely_validated
18,3729,1,drug_anchor_not_uniquely_validated
19,3729,1,drug_anchor_not_uniquely_validated
20,3729,7,drug_anchor_not_uniquely_validated
20,9253,7,drug_anchor_not_uniquely_validated
21,3438,1,drug_anchor_not_uniquely_validated
21,13255,1,drug_anchor_not_uniquely_validated
22,3438,1,drug_anchor_not_uniquely_validated
22,10266,1,drug_anchor_not_uniquely_validated
23,3438,1,drug_anchor_not_uniquely_validated
24,3729,1,drug_anchor_not_uniquely_validated
25,3438,1,drug_anchor_not_uniquely_validated
25,3477,1,drug_anchor_not_uniquely_validated
25,3729,1,drug_anchor_not_uniquely_validated
28,3438,7,drug_anchor_not_uniquely_validated
29,3438,1,drug_anchor_not_uniquely_validated
29,3438,7,drug_anchor_not_uniquely_validated
31,3438,7,drug_anchor_not_uniquely_validated
32,3438,1,drug_anchor_not_uniquely_validated
32,3438,7,drug_anchor_not_uniquely_validated
32,10266,1,drug_anchor_not_uniquely_validated
32,10266,7,drug_anchor_not_uniquely_validated
34,5337,1,drug_anchor_not_uniquely_validated
42,3438,1,drug_anchor_not_uniquely_validated
42,10266,1,drug_anchor_not_uniquely_validated
43,3438,1,drug_anchor_not_uniquely_validated
43,13255,1,drug_anchor_not_uniquely_validated
44,3438,1,drug_anchor_not_uniquely_validated
44,3438,7,drug_anchor_not_uniquely_validated
44,13255,1,drug_anchor_not_uniquely_validated
44,13255,7,drug_anchor_not_uniquely_validated
45,3438,1,drug_anchor_not_uniquely_validated
45,13255,1,drug_anchor_not_uniquely_validated
46,3414,1,drug_anchor_not_uniquely_validated
46,3438,1,drug_anchor_not_uniquely_validated
46,13255,1,drug_anchor_not_uniquely_validated
47,3438,1,drug_anchor_not_uniquely_validated
47,3438,7,drug_anchor_not_uniquely_validated
48,3438,1,drug_anchor_not_uniquely_validated
48,3438,7,drug_anchor_not_uniquely_validated
48,10266,1,drug_anchor_not_uniquely_validated
48,10266,7,drug_anchor_not_uniquely_validated
49,3438,1,drug_anchor_not_uniquely_validated
50,3438,1,drug_anchor_not_uniquely_validated
51,3438,1,drug_anchor_not_uniquely_validated
52,3438,1,drug_anchor_not_uniquely_validated
52,3438,7,drug_anchor_not_uniquely_validated
53,3438,1,drug_anchor_not_uniquely_validated
54,3438,1,drug_anchor_not_uniquely_validated
55,3438,1,drug_anchor_not_uniquely_validated
56,3438,1,drug_anchor_not_uniquely_validated
57,3438,1,drug_anchor_not_uniquely_validated
61,3438,1,drug_anchor_not_uniquely_validated
61,10266,1,drug_anchor_not_uniquely_validated
62,3438,1,drug_anchor_not_uniquely_validated
63,3438,7,drug_anchor_not_uniquely_validated
63,3729,7,drug_anchor_not_uniquely_validated
63,10266,7,drug_anchor_not_uniquely_validated
64,3438,1,drug_anchor_not_uniquely_validated
64,3729,1,drug_anchor_not_uniquely_validated
65,3438,7,drug_anchor_not_uniquely_validated
65,10266,7,drug_anchor_not_uniquely_validated
66,3438,1,drug_anchor_not_uniquely_validated
66,3438,7,drug_anchor_not_uniquely_validated
68,3414,1,drug_anchor_not_uniquely_validated
68,3438,1,drug_anchor_not_uniquely_validated
68,3438,7,drug_anchor_not_uniquely_validated
68,3729,1,drug_anchor_not_uniquely_validated
68,10266,1,drug_anchor_not_uniquely_validated
68,10266,7,drug_anchor_not_uniquely_validated
68,13255,1,drug_anchor_not_uniquely_validated
68,13255,7,drug_anchor_not_uniquely_validated
71,3729,1,drug_anchor_not_uniquely_validated
71,3729,7,drug_anchor_not_uniquely_validated
71,9253,1,drug_anchor_not_uniquely_validated
71,9253,7,drug_anchor_not_uniquely_validated
72,3729,1,drug_anchor_not_uniquely_validated
72,9253,1,drug_anchor_not_uniquely_validated
73,3729,1,drug_anchor_not_uniquely_validated
73,9253,1,drug_anchor_not_uniquely_validated
74,3438,7,drug_anchor_not_uniquely_validated
75,3438,1,drug_anchor_not_uniquely_validated
75,3438,7,drug_anchor_not_uniquely_validated
76,3438,7,drug_anchor_not_uniquely_validated
77,16228,1,drug_anchor_not_uniquely_validated
79,16228,1,drug_anchor_not_uniquely_validated
81,16228,1,drug_anchor_not_uniquely_validated
82,13472,1,drug_anchor_not_uniquely_validated
82,16228,1,drug_anchor_not_uniquely_validated
83,16228,1,drug_anchor_not_uniquely_validated
93,3729,1,drug_anchor_not_uniquely_validated
93,3729,7,drug_anchor_not_uniquely_validated
95,3414,1,drug_anchor_not_uniquely_validated
99,3438,7,drug_anchor_not_uniquely_validated
107,4446,1,drug_anchor_not_uniquely_validated
108,3438,1,drug_anchor_not_uniquely_validated
108,3729,1,drug_anchor_not_uniquely_validated
119,4606,1,drug_anchor_not_uniquely_validated
121,3570,1,drug_anchor_not_uniquely_validated
121,8503,1,drug_anchor_not_uniquely_validated
122,3570,1,drug_anchor_not_uniquely_validated
123,3570,1,drug_anchor_not_uniquely_validated
125,3438,1,drug_anchor_not_uniquely_validated
125,3438,7,drug_anchor_not_uniquely_validated
125,10266,1,drug_anchor_not_uniquely_validated
125,10266,7,drug_anchor_not_uniquely_validated
126,3438,7,drug_anchor_not_uniquely_validated
126,10266,7,drug_anchor_not_uniquely_validated
126,14122,7,drug_anchor_not_uniquely_validated
127,3729,7,drug_anchor_not_uniquely_validated
127,9253,7,drug_anchor_not_uniquely_validated
127,10266,7,drug_anchor_not_uniquely_validated
129,3729,7,drug_anchor_not_uniquely_validated
137,9253,1,drug_anchor_not_uniquely_validated
139,3414,7,drug_anchor_not_uniquely_validated
139,3438,7,drug_anchor_not_uniquely_validated
139,3729,7,drug_anchor_not_uniquely_validated
140,3414,7,drug_anchor_not_uniquely_validated
140,3438,7,drug_anchor_not_uniquely_validated
141,3477,1,drug_anchor_not_uniquely_validated
146,3438,1,drug_anchor_not_uniquely_validated
149,5385,1,drug_anchor_not_uniquely_validated
150,5385,1,drug_anchor_not_uniquely_validated
151,5385,1,drug_anchor_not_uniquely_validated
152,5385,1,drug_anchor_not_uniquely_validated
153,5385,1,drug_anchor_not_uniquely_validated
157,9253,1,drug_anchor_not_uniquely_validated
160,3729,1,drug_anchor_not_uniquely_validated
160,9253,1,drug_anchor_not_uniquely_validated
161,3729,1,drug_anchor_not_uniquely_validated
163,3438,1,drug_anchor_not_uniquely_validated
163,3477,1,drug_anchor_not_uniquely_validated
163,3729,1,drug_anchor_not_uniquely_validated
164,6002,1,drug_anchor_not_uniquely_validated
167,3438,1,drug_anchor_not_uniquely_validated
168,3438,1,drug_anchor_not_uniquely_validated
168,13255,1,drug_anchor_not_uniquely_validated
184,6340,1,drug_anchor_not_uniquely_validated
186,3438,1,drug_anchor_not_uniquely_validated
186,13255,1,drug_anchor_not_uniquely_validated
187,3438,7,drug_anchor_not_uniquely_validated
187,10266,7,drug_anchor_not_uniquely_validated
189,3729,7,drug_anchor_not_uniquely_validated
190,3438,1,drug_anchor_not_uniquely_validated
190,3438,7,drug_anchor_not_uniquely_validated
191,3438,7,drug_anchor_not_uniquely_validated
191,3477,7,drug_anchor_not_uniquely_validated
192,3438,7,drug_anchor_not_uniquely_validated
193,3438,7,drug_anchor_not_uniquely_validated
194,10266,1,drug_anchor_not_uniquely_validated
195,16228,1,drug_anchor_not_uniquely_validated
196,3438,7,drug_anchor_not_uniquely_validated
196,10266,7,drug_anchor_not_uniquely_validated
196,13255,7,drug_anchor_not_uniquely_validated
197,3477,1,drug_anchor_not_uniquely_validated
198,10266,7,drug_anchor_not_uniquely_validated
199,3438,7,drug_anchor_not_uniquely_validated
199,10266,7,drug_anchor_not_uniquely_validated
200,3438,7,drug_anchor_not_uniquely_validated
200,13255,7,drug_anchor_not_uniquely_validated
204,3438,1,drug_anchor_not_uniquely_validated
204,10266,1,drug_anchor_not_uniquely_validated
207,10266,1,drug_anchor_not_uniquely_validated
207,10266,7,drug_anchor_not_uniquely_validated
208,10266,1,drug_anchor_not_uniquely_validated
208,10266,7,drug_anchor_not_uniquely_validated
208,13255,1,drug_anchor_not_uniquely_validated
208,13255,7,drug_anchor_not_uniquely_validated
209,13255,7,drug_anchor_not_uniquely_validated
210,3477,1,drug_anchor_not_uniquely_validated
211,3729,1,drug_anchor_not_uniquely_validated
212,3438,1,drug_anchor_not_uniquely_validated
212,3438,7,drug_anchor_not_uniquely_validated
212,10266,1,drug_anchor_not_uniquely_validated
212,10266,7,drug_anchor_not_uniquely_validated
213,3438,1,drug_anchor_not_uniquely_validated
213,10266,1,drug_anchor_not_uniquely_validated
214,3729,1,drug_anchor_not_uniquely_validated
214,3729,7,drug_anchor_not_uniquely_validated
214,3890,1,drug_anchor_not_uniquely_validated
215,3729,1,drug_anchor_not_uniquely_validated
216,10266,1,drug_anchor_not_uniquely_validated
219,6850,1,drug_anchor_not_uniquely_validated
221,13255,7,drug_anchor_not_uniquely_validated
223,3477,1,drug_anchor_not_uniquely_validated
242,3890,1,drug_anchor_not_uniquely_validated
248,3477,1,drug_anchor_not_uniquely_validated
252,3477,1,drug_anchor_not_uniquely_validated
252,3477,7,drug_anchor_not_uniquely_validated
253,3477,1,drug_anchor_not_uniquely_validated
256,13255,1,drug_anchor_not_uniquely_validated
258,13255,1,drug_anchor_not_uniquely_validated
262,10266,7,drug_anchor_not_uniquely_validated
263,10266,7,drug_anchor_not_uniquely_validated
264,3438,7,drug_anchor_not_uniquely_validated
264,10266,7,drug_anchor_not_uniquely_validated
265,10266,7,drug_anchor_not_uniquely_validated
267,3477,1,drug_anchor_not_uniquely_validated
268,3477,1,drug_anchor_not_uniquely_validated
271,3438,1,drug_anchor_not_uniquely_validated
272,10266,1,drug_anchor_not_uniquely_validated
272,13255,1,drug_anchor_not_uniquely_validated
276,3477,1,drug_anchor_not_uniquely_validated
278,3729,1,drug_anchor_not_uniquely_validated
284,3477,1,drug_anchor_not_uniquely_validated
288,3890,1,drug_anchor_not_uniquely_validated
289,3890,1,drug_anchor_not_uniquely_validated
290,3890,1,drug_anchor_not_uniquely_validated
293,16315,1,drug_anchor_not_uniquely_validated
295,3890,1,drug_anchor_not_uniquely_validated
297,3890,1,drug_anchor_not_uniquely_validated
298,3438,1,drug_anchor_not_uniquely_validated
298,10266,1,drug_anchor_not_uniquely_validated
299,3438,1,drug_anchor_not_uniquely_validated
299,10266,1,drug_anchor_not_uniquely_validated
300,3729,7,drug_anchor_not_uniquely_validated
301,3438,1,drug_anchor_not_uniquely_validated
301,3438,7,drug_anchor_not_uniquely_validated
301,13255,1,drug_anchor_not_uniquely_validated
301,13255,7,drug_anchor_not_uniquely_validated
302,13255,1,drug_anchor_not_uniquely_validated
305,10266,1,drug_anchor_not_uniquely_validated
306,3438,1,drug_anchor_not_uniquely_validated
306,10266,1,drug_anchor_not_uniquely_validated
306,13255,1,drug_anchor_not_uniquely_validated
308,3414,1,drug_anchor_not_uniquely_validated
308,3438,1,drug_anchor_not_uniquely_validated
309,10266,1,drug_anchor_not_uniquely_validated
310,10266,1,drug_anchor_not_uniquely_validated
316,15176,7,drug_anchor_not_uniquely_validated
317,3438,1,drug_anchor_not_uniquely_validated
317,3477,1,drug_anchor_not_uniquely_validated
318,3438,1,drug_anchor_not_uniquely_validated
319,3438,7,drug_anchor_not_uniquely_validated
319,10266,7,drug_anchor_not_uniquely_validated
320,3438,1,drug_anchor_not_uniquely_validated
320,10266,1,drug_anchor_not_uniquely_validated
321,9253,1,drug_anchor_not_uniquely_validated
321,10266,1,drug_anchor_not_uniquely_validated
322,3438,1,drug_anchor_not_uniquely_validated
322,3477,1,drug_anchor_not_uniquely_validated
322,3729,1,drug_anchor_not_uniquely_validated
323,3729,1,drug_anchor_not_uniquely_validated
324,3438,1,drug_anchor_not_uniquely_validated
324,3477,1,drug_anchor_not_uniquely_validated
324,3729,1,drug_anchor_not_uniquely_validated
325,3438,1,drug_anchor_not_uniquely_validated
326,3438,1,drug_anchor_not_uniquely_validated
326,10266,1,drug_anchor_not_uniquely_validated
327,3438,1,drug_anchor_not_uniquely_validated
328,8503,1,drug_anchor_not_uniquely_validated
329,3438,1,drug_anchor_not_uniquely_validated
329,10266,1,drug_anchor_not_uniquely_validated
330,3438,1,drug_anchor_not_uniquely_validated
330,10266,1,drug_anchor_not_uniquely_validated
338,3438,1,drug_anchor_not_uniquely_validated
338,10266,1,drug_anchor_not_uniquely_validated
349,27229,1,drug_anchor_not_uniquely_validated
354,18766,1,drug_anchor_not_uniquely_validated
384,13255,1,drug_anchor_not_uniquely_validated
384,13255,7,drug_anchor_not_uniquely_validated
389,29057,1,drug_anchor_not_uniquely_validated
401,29057,1,drug_anchor_not_uniquely_validated
403,10266,7,drug_anchor_not_uniquely_validated
404,8503,1,drug_anchor_not_uniquely_validated
416,9136,1,drug_anchor_not_uniquely_validated
422,30772,1,drug_anchor_not_uniquely_validated
425,10266,1,drug_anchor_not_uniquely_validated
437,3438,1,drug_anchor_not_uniquely_validated
441,8503,1,drug_anchor_not_uniquely_validated
446,29256,1,drug_anchor_not_uniquely_validated
447,9136,1,drug_anchor_not_uniquely_validated
450,3477,1,drug_anchor_not_uniquely_validated
451,3477,1,drug_anchor_not_uniquely_validated
455,3438,1,drug_anchor_not_uniquely_validated
458,8849,1,drug_anchor_not_uniquely_validated
459,3438,1,drug_anchor_not_uniquely_validated
460,3438,1,drug_anchor_not_uniquely_validated
461,3438,1,drug_anchor_not_uniquely_validated
462,3438,1,drug_anchor_not_uniquely_validated
465,3438,7,drug_anchor_not_uniquely_validated
467,10266,7,drug_anchor_not_uniquely_validated
468,3438,1,drug_anchor_not_uniquely_validated
468,10266,1,drug_anchor_not_uniquely_validated
472,3438,1,drug_anchor_not_uniquely_validated
473,10266,1,drug_anchor_not_uniquely_validated
473,13255,1,drug_anchor_not_uniquely_validated
478,3729,7,drug_anchor_not_uniquely_validated
480,10266,1,drug_anchor_not_uniquely_validated
482,10266,7,drug_anchor_not_uniquely_validated
483,10266,1,drug_anchor_not_uniquely_validated
491,10266,1,drug_anchor_not_uniquely_validated
492,10266,1,drug_anchor_not_uniquely_validated
493,10266,7,drug_anchor_not_uniquely_validated
495,3438,1,drug_anchor_not_uniquely_validated
495,3438,7,drug_anchor_not_uniquely_validated
496,3438,7,drug_anchor_not_uniquely_validated
501,9373,1,drug_anchor_not_uniquely_validated
502,10266,7,drug_anchor_not_uniquely_validated
506,10266,1,drug_anchor_not_uniquely_validated
507,10266,1,drug_anchor_not_uniquely_validated
511,10266,1,drug_anchor_not_uniquely_validated
511,10266,7,drug_anchor_not_uniquely_validated
511,13255,1,drug_anchor_not_uniquely_validated
511,13255,7,drug_anchor_not_uniquely_validated
512,3438,1,drug_anchor_not_uniquely_validated
512,10266,1,drug_anchor_not_uniquely_validated
512,13255,1,drug_anchor_not_uniquely_validated
513,3438,1,drug_anchor_not_uniquely_validated
513,10266,1,drug_anchor_not_uniquely_validated
513,13255,1,drug_anchor_not_uniquely_validated
514,3438,7,drug_anchor_not_uniquely_validated
515,3438,1,drug_anchor_not_uniquely_validated
515,3438,7,drug_anchor_not_uniquely_validated
515,10266,1,drug_anchor_not_uniquely_validated
515,10266,7,drug_anchor_not_uniquely_validated
516,3438,1,drug_anchor_not_uniquely_validated
516,10266,1,drug_anchor_not_uniquely_validated
517,3438,1,drug_anchor_not_uniquely_validated
517,10266,1,drug_anchor_not_uniquely_validated
518,3438,1,drug_anchor_not_uniquely_validated
518,10266,1,drug_anchor_not_uniquely_validated
519,3438,1,drug_anchor_not_uniquely_validated
519,10266,1,drug_anchor_not_uniquely_validated
519,31786,1,drug_anchor_not_uniquely_validated
520,3438,1,drug_anchor_not_uniquely_validated
520,10266,1,drug_anchor_not_uniquely_validated
521,3438,1,drug_anchor_not_uniquely_validated
521,10266,1,drug_anchor_not_uniquely_validated
522,3438,1,drug_anchor_not_uniquely_validated
522,10266,1,drug_anchor_not_uniquely_validated
523,3438,7,drug_anchor_not_uniquely_validated
525,3438,1,drug_anchor_not_uniquely_validated
525,10266,1,drug_anchor_not_uniquely_validated
526,3438,1,drug_anchor_not_uniquely_validated
526,10266,1,drug_anchor_not_uniquely_validated
527,3438,1,drug_anchor_not_uniquely_validated
527,10266,1,drug_anchor_not_uniquely_validated
528,3438,7,drug_anchor_not_uniquely_validated
528,3729,1,drug_anchor_not_uniquely_validated
531,3438,1,drug_anchor_not_uniquely_validated
532,3438,1,drug_anchor_not_uniquely_validated
532,13255,1,drug_anchor_not_uniquely_validated
533,3438,7,drug_anchor_not_uniquely_validated
533,13255,7,drug_anchor_not_uniquely_validated
543,3890,1,drug_anchor_not_uniquely_validated
543,10266,7,drug_anchor_not_uniquely_validated
550,29256,1,drug_anchor_not_uniquely_validated
551,9136,1,drug_anchor_not_uniquely_validated
557,8503,1,drug_anchor_not_uniquely_validated
574,30772,1,drug_anchor_not_uniquely_validated
585,3438,1,drug_anchor_not_uniquely_validated
595,8503,1,drug_anchor_not_uniquely_validated
598,29256,1,drug_anchor_not_uniquely_validated
607,29256,1,drug_anchor_not_uniquely_validated
610,13255,1,drug_anchor_not_uniquely_validated
613,3729,1,drug_anchor_not_uniquely_validated
614,10266,1,drug_anchor_not_uniquely_validated
617,3729,1,drug_anchor_not_uniquely_validated
617,3729,7,drug_anchor_not_uniquely_validated
618,3729,1,drug_anchor_not_uniquely_validated
618,3729,7,drug_anchor_not_uniquely_validated
619,3729,1,drug_anchor_not_uniquely_validated
624,3729,1,drug_anchor_not_uniquely_validated
625,3729,1,drug_anchor_not_uniquely_validated
626,3729,1,drug_anchor_not_uniquely_validated
628,3890,1,drug_anchor_not_uniquely_validated
631,3438,7,drug_anchor_not_uniquely_validated
632,3477,1,drug_anchor_not_uniquely_validated
636,14061,7,drug_anchor_not_uniquely_validated
639,10266,1,drug_anchor_not_uniquely_validated
640,3438,7,drug_anchor_not_uniquely_validated
640,10266,7,drug_anchor_not_uniquely_validated
641,10266,1,drug_anchor_not_uniquely_validated
641,10266,7,drug_anchor_not_uniquely_validated
642,10266,7,drug_anchor_not_uniquely_validated
642,14061,7,drug_anchor_not_uniquely_validated
644,13255,1,drug_anchor_not_uniquely_validated
645,3438,7,drug_anchor_not_uniquely_validated
646,10266,1,drug_anchor_not_uniquely_validated
646,10266,7,drug_anchor_not_uniquely_validated
648,10266,1,drug_anchor_not_uniquely_validated
648,10266,7,drug_anchor_not_uniquely_validated
649,3729,7,drug_anchor_not_uniquely_validated
649,10266,7,drug_anchor_not_uniquely_validated
653,3438,7,drug_anchor_not_uniquely_validated
653,28973,7,drug_anchor_not_uniquely_validated
654,3438,7,drug_anchor_not_uniquely_validated
654,3729,7,drug_anchor_not_uniquely_validated
654,16318,7,drug_anchor_not_uniquely_validated
655,3438,1,drug_anchor_not_uniquely_validated
655,3438,7,drug_anchor_not_uniquely_validated
656,3438,1,drug_anchor_not_uniquely_validated
656,3729,1,drug_anchor_not_uniquely_validated
657,3438,1,drug_anchor_not_uniquely_validated
658,3438,1,drug_anchor_not_uniquely_validated
659,3438,1,drug_anchor_not_uniquely_validated
661,3438,1,drug_anchor_not_uniquely_validated
661,3477,1,drug_anchor_not_uniquely_validated
661,3729,1,drug_anchor_not_uniquely_validated
661,9253,1,drug_anchor_not_uniquely_validated
661,10266,1,drug_anchor_not_uniquely_validated
662,3438,1,drug_anchor_not_uniquely_validated
662,3477,1,drug_anchor_not_uniquely_validated
662,3729,1,drug_anchor_not_uniquely_validated
663,3477,1,drug_anchor_not_uniquely_validated
663,9253,1,drug_anchor_not_uniquely_validated
663,10266,1,drug_anchor_not_uniquely_validated
664,3438,1,drug_anchor_not_uniquely_validated
664,3477,1,drug_anchor_not_uniquely_validated
664,3729,1,drug_anchor_not_uniquely_validated
664,9253,1,drug_anchor_not_uniquely_validated
664,10266,1,drug_anchor_not_uniquely_validated
665,3438,1,drug_anchor_not_uniquely_validated
665,3477,1,drug_anchor_not_uniquely_validated
665,3729,1,drug_anchor_not_uniquely_validated
665,10266,1,drug_anchor_not_uniquely_validated
666,3438,1,drug_anchor_not_uniquely_validated
666,3477,1,drug_anchor_not_uniquely_validated
666,3729,1,drug_anchor_not_uniquely_validated
666,10266,1,drug_anchor_not_uniquely_validated
667,3438,1,drug_anchor_not_uniquely_validated
667,3477,1,drug_anchor_not_uniquely_validated
667,3729,1,drug_anchor_not_uniquely_validated
667,10266,1,drug_anchor_not_uniquely_validated
668,3438,1,drug_anchor_not_uniquely_validated
668,3477,1,drug_anchor_not_uniquely_validated
668,3729,1,drug_anchor_not_uniquely_validated
668,9253,1,drug_anchor_not_uniquely_validated
669,3438,1,drug_anchor_not_uniquely_validated
669,3729,1,drug_anchor_not_uniquely_validated
669,9253,1,drug_anchor_not_uniquely_validated
670,3729,1,drug_anchor_not_uniquely_validated
681,3438,1,drug_anchor_not_uniquely_validated
682,3438,1,drug_anchor_not_uniquely_validated
683,3438,1,drug_anchor_not_uniquely_validated
684,3438,1,drug_anchor_not_uniquely_validated
685,3438,1,drug_anchor_not_uniquely_validated
686,3438,1,drug_anchor_not_uniquely_validated
687,3438,1,drug_anchor_not_uniquely_validated
691,3438,1,drug_anchor_not_uniquely_validated
692,3438,1,drug_anchor_not_uniquely_validated
693,3438,1,drug_anchor_not_uniquely_validated
694,16318,1,drug_anchor_not_uniquely_validated
695,3438,1,drug_anchor_not_uniquely_validated
695,16318,1,drug_anchor_not_uniquely_validated
696,3438,1,drug_anchor_not_uniquely_validated
696,3477,1,drug_anchor_not_uniquely_validated
703,3438,1,drug_anchor_not_uniquely_validated
707,3438,7,drug_anchor_not_uniquely_validated
707,3729,7,drug_anchor_not_uniquely_validated
708,3729,7,drug_anchor_not_uniquely_validated
709,3729,7,drug_anchor_not_uniquely_validated
710,10266,1,drug_anchor_not_uniquely_validated
710,10266,7,drug_anchor_not_uniquely_validated
711,10266,1,drug_anchor_not_uniquely_validated
711,10266,7,drug_anchor_not_uniquely_validated
712,3438,1,drug_anchor_not_uniquely_validated
712,10266,1,drug_anchor_not_uniquely_validated
713,3438,7,drug_anchor_not_uniquely_validated
713,10266,7,drug_anchor_not_uniquely_validated
714,3438,1,drug_anchor_not_uniquely_validated
714,3729,1,drug_anchor_not_uniquely_validated
714,10266,1,drug_anchor_not_uniquely_validated
715,3438,1,drug_anchor_not_uniquely_validated
715,3438,7,drug_anchor_not_uniquely_validated
715,10266,1,drug_anchor_not_uniquely_validated
715,10266,7,drug_anchor_not_uniquely_validated
716,3438,7,drug_anchor_not_uniquely_validated
719,10266,1,drug_anchor_not_uniquely_validated
721,3438,1,drug_anchor_not_uniquely_validated
721,10266,1,drug_anchor_not_uniquely_validated
721,13255,1,drug_anchor_not_uniquely_validated
722,3438,1,drug_anchor_not_uniquely_validated
723,3438,1,drug_anchor_not_uniquely_validated
724,3438,1,drug_anchor_not_uniquely_validated
727,3438,7,drug_anchor_not_uniquely_validated
727,10266,7,drug_anchor_not_uniquely_validated
728,10266,1,drug_anchor_not_uniquely_validated
730,3477,1,drug_anchor_not_uniquely_validated
732,10266,7,drug_anchor_not_uniquely_validated
732,33933,7,drug_anchor_not_uniquely_validated
733,10266,7,drug_anchor_not_uniquely_validated
733,33933,7,drug_anchor_not_uniquely_validated
735,3477,1,drug_anchor_not_uniquely_validated
737,3438,7,drug_anchor_not_uniquely_validated
738,3438,1,drug_anchor_not_uniquely_validated
738,3438,7,drug_anchor_not_uniquely_validated
738,3477,1,drug_anchor_not_uniquely_validated
738,3477,7,drug_anchor_not_uniquely_validated
739,3438,1,drug_anchor_not_uniquely_validated
739,10266,1,drug_anchor_not_uniquely_validated
740,3477,7,drug_anchor_not_uniquely_validated
740,13255,7,drug_anchor_not_uniquely_validated
741,3477,1,drug_anchor_not_uniquely_validated
741,13255,1,drug_anchor_not_uniquely_validated
742,13255,1,drug_anchor_not_uniquely_validated
742,13255,7,drug_anchor_not_uniquely_validated
742,18233,7,drug_anchor_not_uniquely_validated
743,3438,7,drug_anchor_not_uniquely_validated
743,3477,7,drug_anchor_not_uniquely_validated
744,13255,7,drug_anchor_not_uniquely_validated
746,10266,1,drug_anchor_not_uniquely_validated
746,13255,1,drug_anchor_not_uniquely_validated
747,10266,1,drug_anchor_not_uniquely_validated
747,31786,1,drug_anchor_not_uniquely_validated
748,10266,1,drug_anchor_not_uniquely_validated
748,13255,1,drug_anchor_not_uniquely_validated
749,3477,7,drug_anchor_not_uniquely_validated
750,3477,7,drug_anchor_not_uniquely_validated
751,3477,1,drug_anchor_not_uniquely_validated
752,3438,1,drug_anchor_not_uniquely_validated
752,3438,7,drug_anchor_not_uniquely_validated
753,3438,1,drug_anchor_not_uniquely_validated
759,3438,1,drug_anchor_not_uniquely_validated
759,3729,7,drug_anchor_not_uniquely_validated
760,10266,1,drug_anchor_not_uniquely_validated
761,3890,1,drug_anchor_not_uniquely_validated
765,3729,1,drug_anchor_not_uniquely_validated
766,3729,1,drug_anchor_not_uniquely_validated
767,3729,1,drug_anchor_not_uniquely_validated
768,3477,1,drug_anchor_not_uniquely_validated
768,3729,1,drug_anchor_not_uniquely_validated
769,9253,1,drug_anchor_not_uniquely_validated
769,10266,1,drug_anchor_not_uniquely_validated
770,9253,1,drug_anchor_not_uniquely_validated
770,10266,1,drug_anchor_not_uniquely_validated
771,9253,1,drug_anchor_not_uniquely_validated
771,10266,1,drug_anchor_not_uniquely_validated
772,9253,1,drug_anchor_not_uniquely_validated
772,10266,1,drug_anchor_not_uniquely_validated
777,10266,1,drug_anchor_not_uniquely_validated
781,3477,1,drug_anchor_not_uniquely_validated
781,10266,1,drug_anchor_not_uniquely_validated
784,29839,1,drug_anchor_not_uniquely_validated
786,3477,1,drug_anchor_not_uniquely_validated
789,3729,7,drug_anchor_not_uniquely_validated
790,3729,1,drug_anchor_not_uniquely_validated
790,9253,1,drug_anchor_not_uniquely_validated
791,3729,1,drug_anchor_not_uniquely_validated
791,3729,7,drug_anchor_not_uniquely_validated
793,3729,1,drug_anchor_not_uniquely_validated
794,3729,1,drug_anchor_not_uniquely_validated
795,3729,1,drug_anchor_not_uniquely_validated
796,3729,1,drug_anchor_not_uniquely_validated
797,3729,1,drug_anchor_not_uniquely_validated
798,3729,1,drug_anchor_not_uniquely_validated
799,3729,1,drug_anchor_not_uniquely_validated
800,3729,1,drug_anchor_not_uniquely_validated
801,3729,1,drug_anchor_not_uniquely_validated
801,33270,1,drug_anchor_not_uniquely_validated
802,3729,1,drug_anchor_not_uniquely_validated
803,3729,1,drug_anchor_not_uniquely_validated
803,9253,1,drug_anchor_not_uniquely_validated
804,3729,1,drug_anchor_not_uniquely_validated
804,9253,1,drug_anchor_not_uniquely_validated
804,10266,1,drug_anchor_not_uniquely_validated
805,3477,1,drug_anchor_not_uniquely_validated
805,3729,1,drug_anchor_not_uniquely_validated
805,9253,1,drug_anchor_not_uniquely_validated
806,3729,1,drug_anchor_not_uniquely_validated
806,9253,1,drug_anchor_not_uniquely_validated
806,10266,1,drug_anchor_not_uniquely_validated
807,3729,1,drug_anchor_not_uniquely_validated
807,9253,1,drug_anchor_not_uniquely_validated
808,3438,1,drug_anchor_not_uniquely_validated
808,3729,1,drug_anchor_not_uniquely_validated
808,10266,1,drug_anchor_not_uniquely_validated
809,3729,1,drug_anchor_not_uniquely_validated
810,3729,1,drug_anchor_not_uniquely_validated
811,3729,1,drug_anchor_not_uniquely_validated
812,3729,1,drug_anchor_not_uniquely_validated
813,3729,1,drug_anchor_not_uniquely_validated
814,3729,1,drug_anchor_not_uniquely_validated
815,3438,7,drug_anchor_not_uniquely_validated
816,3438,1,drug_anchor_not_uniquely_validated
817,3438,1,drug_anchor_not_uniquely_validated
821,3438,7,drug_anchor_not_uniquely_validated
821,3477,7,drug_anchor_not_uniquely_validated
822,3729,1,drug_anchor_not_uniquely_validated
822,9253,1,drug_anchor_not_uniquely_validated
823,3729,1,drug_anchor_not_uniquely_validated
823,9253,1,drug_anchor_not_uniquely_validated
824,3729,1,drug_anchor_not_uniquely_validated
824,9253,1,drug_anchor_not_uniquely_validated
825,3438,1,drug_anchor_not_uniquely_validated
825,10266,1,drug_anchor_not_uniquely_validated
826,3438,1,drug_anchor_not_uniquely_validated
826,10266,1,drug_anchor_not_uniquely_validated
831,3729,1,drug_anchor_not_uniquely_validated
831,9253,1,drug_anchor_not_uniquely_validated
836,13255,1,drug_anchor_not_uniquely_validated
844,3438,7,drug_anchor_not_uniquely_validated
844,12020,7,drug_anchor_not_uniquely_validated
846,3477,1,drug_anchor_not_uniquely_validated
847,3477,1,drug_anchor_not_uniquely_validated
848,3477,1,drug_anchor_not_uniquely_validated
849,3477,1,drug_anchor_not_uniquely_validated
850,3477,1,drug_anchor_not_uniquely_validated
851,3477,1,drug_anchor_not_uniquely_validated
852,3438,1,drug_anchor_not_uniquely_validated
852,3438,7,drug_anchor_not_uniquely_validated
852,3477,1,drug_anchor_not_uniquely_validated
852,3477,7,drug_anchor_not_uniquely_validated
853,10266,1,drug_anchor_not_uniquely_validated
854,3477,1,drug_anchor_not_uniquely_validated
858,11247,1,drug_anchor_not_uniquely_validated
861,10266,1,drug_anchor_not_uniquely_validated
863,10266,1,drug_anchor_not_uniquely_validated
864,3438,1,drug_anchor_not_uniquely_validated
864,3477,1,drug_anchor_not_uniquely_validated
864,3729,1,drug_anchor_not_uniquely_validated
864,3729,7,drug_anchor_not_uniquely_validated
864,9253,1,drug_anchor_not_uniquely_validated
864,9253,7,drug_anchor_not_uniquely_validated
865,3729,7,drug_anchor_not_uniquely_validated
865,9253,7,drug_anchor_not_uniquely_validated
866,3729,7,drug_anchor_not_uniquely_validated
866,9253,7,drug_anchor_not_uniquely_validated
866,10266,7,drug_anchor_not_uniquely_validated
867,9253,1,drug_anchor_not_uniquely_validated
867,10266,1,drug_anchor_not_uniquely_validated
868,9253,1,drug_anchor_not_uniquely_validated
869,9253,1,drug_anchor_not_uniquely_validated
870,3477,1,drug_anchor_not_uniquely_validated
870,9253,1,drug_anchor_not_uniquely_validated
871,9253,1,drug_anchor_not_uniquely_validated
871,10266,1,drug_anchor_not_uniquely_validated
872,3477,1,drug_anchor_not_uniquely_validated
872,9253,1,drug_anchor_not_uniquely_validated
873,9253,1,drug_anchor_not_uniquely_validated
873,10266,1,drug_anchor_not_uniquely_validated
874,9253,1,drug_anchor_not_uniquely_validated
874,10266,1,drug_anchor_not_uniquely_validated
875,9253,1,drug_anchor_not_uniquely_validated
875,10266,1,drug_anchor_not_uniquely_validated
876,9253,1,drug_anchor_not_uniquely_validated
876,10266,1,drug_anchor_not_uniquely_validated
877,9253,1,drug_anchor_not_uniquely_validated
877,10266,1,drug_anchor_not_uniquely_validated
878,3438,7,drug_anchor_not_uniquely_validated
878,21851,7,drug_anchor_not_uniquely_validated
879,3438,7,drug_anchor_not_uniquely_validated
879,14061,7,drug_anchor_not_uniquely_validated
879,21851,7,drug_anchor_not_uniquely_validated
880,9253,7,drug_anchor_not_uniquely_validated
880,10266,7,drug_anchor_not_uniquely_validated
880,10859,7,drug_anchor_not_uniquely_validated
881,3477,1,drug_anchor_not_uniquely_validated
881,3477,7,drug_anchor_not_uniquely_validated
882,3477,1,drug_anchor_not_uniquely_validated
883,3477,7,drug_anchor_not_uniquely_validated
885,3729,7,drug_anchor_not_uniquely_validated
885,9253,7,drug_anchor_not_uniquely_validated
885,10266,7,drug_anchor_not_uniquely_validated
886,3477,1,drug_anchor_not_uniquely_validated
886,3729,1,drug_anchor_not_uniquely_validated
886,9253,1,drug_anchor_not_uniquely_validated
888,3438,1,drug_anchor_not_uniquely_validated
888,10266,1,drug_anchor_not_uniquely_validated
889,3438,1,drug_anchor_not_uniquely_validated
890,3438,1,drug_anchor_not_uniquely_validated
891,3438,1,drug_anchor_not_uniquely_validated
892,3438,1,drug_anchor_not_uniquely_validated
893,3438,1,drug_anchor_not_uniquely_validated
894,3438,1,drug_anchor_not_uniquely_validated
895,3438,1,drug_anchor_not_uniquely_validated
903,3477,1,drug_anchor_not_uniquely_validated
907,3477,1,drug_anchor_not_uniquely_validated
907,3477,7,drug_anchor_not_uniquely_validated
907,3729,1,drug_anchor_not_uniquely_validated
907,3729,7,drug_anchor_not_uniquely_validated
908,3477,7,drug_anchor_not_uniquely_validated
908,3729,7,drug_anchor_not_uniquely_validated
916,3414,1,drug_anchor_not_uniquely_validated
916,3438,1,drug_anchor_not_uniquely_validated
918,3477,1,drug_anchor_not_uniquely_validated
919,3477,1,drug_anchor_not_uniquely_validated
920,3477,7,drug_anchor_not_uniquely_validated
920,3729,7,drug_anchor_not_uniquely_validated
921,3477,1,drug_anchor_not_uniquely_validated
921,3729,1,drug_anchor_not_uniquely_validated
922,3477,1,drug_anchor_not_uniquely_validated
922,3729,1,drug_anchor_not_uniquely_validated
922,16315,1,drug_anchor_not_uniquely_validated
923,3477,1,drug_anchor_not_uniquely_validated
924,3477,1,drug_anchor_not_uniquely_validated
924,10266,1,drug_anchor_not_uniquely_validated
925,3477,1,drug_anchor_not_uniquely_validated
926,3477,1,drug_anchor_not_uniquely_validated
928,3477,1,drug_anchor_not_uniquely_validated
928,3477,7,drug_anchor_not_uniquely_validated
928,3729,1,drug_anchor_not_uniquely_validated
928,3729,7,drug_anchor_not_uniquely_validated
929,3477,1,drug_anchor_not_uniquely_validated
929,3729,1,drug_anchor_not_uniquely_validated
932,3438,1,drug_anchor_not_uniquely_validated
933,3438,1,drug_anchor_not_uniquely_validated
934,3729,7,drug_anchor_not_uniquely_validated
934,9253,7,drug_anchor_not_uniquely_validated
934,10266,7,drug_anchor_not_uniquely_validated
939,5536,1,drug_anchor_not_uniquely_validated
942,10266,1,drug_anchor_not_uniquely_validated
943,10266,1,drug_anchor_not_uniquely_validated
946,30772,1,drug_anchor_not_uniquely_validated
947,27229,1,drug_anchor_not_uniquely_validated
951,10266,1,drug_anchor_not_uniquely_validated
956,9253,1,drug_anchor_not_uniquely_validated
956,10266,1,drug_anchor_not_uniquely_validated
957,12669,1,drug_anchor_not_uniquely_validated
958,30772,1,drug_anchor_not_uniquely_validated
959,3438,1,drug_anchor_not_uniquely_validated
960,3438,1,drug_anchor_not_uniquely_validated
963,12748,1,drug_anchor_not_uniquely_validated
964,3438,1,drug_anchor_not_uniquely_validated
965,3438,1,drug_anchor_not_uniquely_validated
966,3438,1,drug_anchor_not_uniquely_validated
967,3438,1,drug_anchor_not_uniquely_validated
968,3438,1,drug_anchor_not_uniquely_validated
969,3438,1,drug_anchor_not_uniquely_validated
970,3438,1,drug_anchor_not_uniquely_validated
971,3438,1,drug_anchor_not_uniquely_validated
972,3438,1,drug_anchor_not_uniquely_validated
972,13255,1,drug_anchor_not_uniquely_validated
973,3438,1,drug_anchor_not_uniquely_validated
975,3438,1,drug_anchor_not_uniquely_validated
975,10266,1,drug_anchor_not_uniquely_validated
976,3438,1,drug_anchor_not_uniquely_validated
976,10266,1,drug_anchor_not_uniquely_validated
977,3438,1,drug_anchor_not_uniquely_validated
977,10266,1,drug_anchor_not_uniquely_validated
978,3414,1,drug_anchor_not_uniquely_validated
978,3438,1,drug_anchor_not_uniquely_validated
979,3438,1,drug_anchor_not_uniquely_validated
979,10266,1,drug_anchor_not_uniquely_validated
980,3438,1,drug_anchor_not_uniquely_validated
980,10266,1,drug_anchor_not_uniquely_validated
982,3477,1,drug_anchor_not_uniquely_validated
983,3477,1,drug_anchor_not_uniquely_validated
984,3477,1,drug_anchor_not_uniquely_validated
987,3438,1,drug_anchor_not_uniquely_validated
987,3438,7,drug_anchor_not_uniquely_validated
987,3477,1,drug_anchor_not_uniquely_validated
987,3477,7,drug_anchor_not_uniquely_validated
991,13255,7,drug_anchor_not_uniquely_validated
992,3477,7,drug_anchor_not_uniquely_validated
993,13255,7,drug_anchor_not_uniquely_validated
993,21850,7,drug_anchor_not_uniquely_validated
994,3729,7,drug_anchor_not_uniquely_validated
994,9253,7,drug_anchor_not_uniquely_validated
994,10266,7,drug_anchor_not_uniquely_validated
997,3438,7,drug_anchor_not_uniquely_validated
997,13255,7,drug_anchor_not_uniquely_validated
999,3729,1,drug_anchor_not_uniquely_validated
1000,3438,7,drug_anchor_not_uniquely_validated
1000,10266,7,drug_anchor_not_uniquely_validated
1000,13255,7,drug_anchor_not_uniquely_validated
1001,3438,1,drug_anchor_not_uniquely_validated
1001,10266,1,drug_anchor_not_uniquely_validated
1002,3438,1,drug_anchor_not_uniquely_validated
1002,10266,1,drug_anchor_not_uniquely_validated
1002,13255,1,drug_anchor_not_uniquely_validated
1003,3438,1,drug_anchor_not_uniquely_validated
1003,10266,1,drug_anchor_not_uniquely_validated
1004,10266,1,drug_anchor_not_uniquely_validated
1004,13255,1,drug_anchor_not_uniquely_validated
1016,3438,7,drug_anchor_not_uniquely_validated
1017,3438,7,drug_anchor_not_uniquely_validated
1022,20089,1,drug_anchor_not_uniquely_validated
1026,3438,1,drug_anchor_not_uniquely_validated
1027,3438,1,drug_anchor_not_uniquely_validated
1027,3477,1,drug_anchor_not_uniquely_validated
1030,3477,1,drug_anchor_not_uniquely_validated
1031,3477,1,drug_anchor_not_uniquely_validated
1044,13603,1,drug_anchor_not_uniquely_validated
1055,3438,7,drug_anchor_not_uniquely_validated
1055,10266,7,drug_anchor_not_uniquely_validated
1067,3414,1,drug_anchor_not_uniquely_validated
1067,3414,7,drug_anchor_not_uniquely_validated
1067,3729,1,drug_anchor_not_uniquely_validated
1067,3729,7,drug_anchor_not_uniquely_validated
1070,10266,1,drug_anchor_not_uniquely_validated
1072,3890,1,drug_anchor_not_uniquely_validated
1076,10266,1,drug_anchor_not_uniquely_validated
1076,13255,1,drug_anchor_not_uniquely_validated
1077,3438,7,drug_anchor_not_uniquely_validated
1077,13255,7,drug_anchor_not_uniquely_validated
1078,3438,1,drug_anchor_not_uniquely_validated
1079,3438,7,drug_anchor_not_uniquely_validated
1079,10266,7,drug_anchor_not_uniquely_validated
1079,13255,7,drug_anchor_not_uniquely_validated
1082,24013,1,drug_anchor_not_uniquely_validated
1086,13472,1,drug_anchor_not_uniquely_validated
1089,9373,1,drug_anchor_not_uniquely_validated
1092,3438,1,drug_anchor_not_uniquely_validated
1092,3729,1,drug_anchor_not_uniquely_validated
1092,10266,1,drug_anchor_not_uniquely_validated
1093,3729,1,drug_anchor_not_uniquely_validated
1094,3438,1,drug_anchor_not_uniquely_validated
1094,3438,7,drug_anchor_not_uniquely_validated
1095,3438,1,drug_anchor_not_uniquely_validated
1095,3438,7,drug_anchor_not_uniquely_validated
1096,3438,1,drug_anchor_not_uniquely_validated
1097,3438,1,drug_anchor_not_uniquely_validated
1098,3438,7,drug_anchor_not_uniquely_validated
1098,15505,7,drug_anchor_not_uniquely_validated
1099,3438,7,drug_anchor_not_uniquely_validated
1099,13819,7,drug_anchor_not_uniquely_validated
1100,3438,1,drug_anchor_not_uniquely_validated
1100,13255,1,drug_anchor_not_uniquely_validated
1101,3438,1,drug_anchor_not_uniquely_validated
1102,3438,1,drug_anchor_not_uniquely_validated
1103,3438,1,drug_anchor_not_uniquely_validated
1104,3438,7,drug_anchor_not_uniquely_validated
1105,3438,7,drug_anchor_not_uniquely_validated
1106,3438,1,drug_anchor_not_uniquely_validated
1106,3438,7,drug_anchor_not_uniquely_validated
1107,3438,7,drug_anchor_not_uniquely_validated
1108,3438,7,drug_anchor_not_uniquely_validated
1109,3438,7,drug_anchor_not_uniquely_validated
1109,28973,7,drug_anchor_not_uniquely_validated
1110,3438,1,drug_anchor_not_uniquely_validated
1110,3438,7,drug_anchor_not_uniquely_validated
1111,3438,1,drug_anchor_not_uniquely_validated
1114,3438,7,drug_anchor_not_uniquely_validated
1116,3890,1,drug_anchor_not_uniquely_validated
1118,3729,1,drug_anchor_not_uniquely_validated
1118,15434,1,drug_anchor_not_uniquely_validated
1130,28973,7,drug_anchor_not_uniquely_validated
1132,3729,1,drug_anchor_not_uniquely_validated
1132,3729,7,drug_anchor_not_uniquely_validated
1132,16315,1,drug_anchor_not_uniquely_validated
1132,20787,7,drug_anchor_not_uniquely_validated
1133,3729,1,drug_anchor_not_uniquely_validated
1133,9253,1,drug_anchor_not_uniquely_validated
1134,3729,1,drug_anchor_not_uniquely_validated
1134,3729,7,drug_anchor_not_uniquely_validated
1134,20787,7,drug_anchor_not_uniquely_validated
1135,3438,7,drug_anchor_not_uniquely_validated
1143,3890,1,drug_anchor_not_uniquely_validated
1144,10266,1,drug_anchor_not_uniquely_validated
1147,3890,1,drug_anchor_not_uniquely_validated
1148,3890,1,drug_anchor_not_uniquely_validated
1150,3890,1,drug_anchor_not_uniquely_validated
1151,3890,1,drug_anchor_not_uniquely_validated
1152,31786,1,drug_anchor_not_uniquely_validated
1154,16692,1,drug_anchor_not_uniquely_validated
1155,13819,1,drug_anchor_not_uniquely_validated
1161,28973,1,drug_anchor_not_uniquely_validated
1170,14061,1,drug_anchor_not_uniquely_validated
1171,14061,1,drug_anchor_not_uniquely_validated
1178,10266,1,drug_anchor_not_uniquely_validated
1180,3477,1,drug_anchor_not_uniquely_validated
1180,3477,7,drug_anchor_not_uniquely_validated
1182,3438,7,drug_anchor_not_uniquely_validated
1201,15273,1,drug_anchor_not_uniquely_validated
1203,15434,1,drug_anchor_not_uniquely_validated
1205,3477,1,drug_anchor_not_uniquely_validated
1213,13819,1,drug_anchor_not_uniquely_validated
1220,3438,7,drug_anchor_not_uniquely_validated
1220,15505,7,drug_anchor_not_uniquely_validated
1221,15559,1,drug_anchor_not_uniquely_validated
1223,3438,7,drug_anchor_not_uniquely_validated
1223,13255,7,drug_anchor_not_uniquely_validated
1225,3438,1,drug_anchor_not_uniquely_validated
1225,10266,1,drug_anchor_not_uniquely_validated
1226,10266,1,drug_anchor_not_uniquely_validated
1228,3477,1,drug_anchor_not_uniquely_validated
1229,3477,1,drug_anchor_not_uniquely_validated
1230,3477,1,drug_anchor_not_uniquely_validated
1231,10266,1,drug_anchor_not_uniquely_validated
1234,5536,1,drug_anchor_not_uniquely_validated
1242,3438,1,drug_anchor_not_uniquely_validated
1245,30772,1,drug_anchor_not_uniquely_validated
1251,30772,1,drug_anchor_not_uniquely_validated
1262,3729,1,drug_anchor_not_uniquely_validated
1264,16318,1,drug_anchor_not_uniquely_validated
1265,3438,1,drug_anchor_not_uniquely_validated
1265,3477,1,drug_anchor_not_uniquely_validated
1265,3729,1,drug_anchor_not_uniquely_validated
1265,10266,1,drug_anchor_not_uniquely_validated
1265,13255,1,drug_anchor_not_uniquely_validated
1274,3438,1,drug_anchor_not_uniquely_validated
1274,3438,7,drug_anchor_not_uniquely_validated
1275,10266,1,drug_anchor_not_uniquely_validated
1276,3729,1,drug_anchor_not_uniquely_validated
1276,9206,1,drug_anchor_not_uniquely_validated
1277,3438,7,drug_anchor_not_uniquely_validated
1277,3729,1,drug_anchor_not_uniquely_validated
1277,9206,1,drug_anchor_not_uniquely_validated
1277,9253,1,drug_anchor_not_uniquely_validated
1278,3729,1,drug_anchor_not_uniquely_validated
1279,3729,1,drug_anchor_not_uniquely_validated
1280,3438,7,drug_anchor_not_uniquely_validated
1281,3414,1,drug_anchor_not_uniquely_validated
1286,3729,7,drug_anchor_not_uniquely_validated
1286,9253,7,drug_anchor_not_uniquely_validated
1287,3729,7,drug_anchor_not_uniquely_validated
1287,8118,7,drug_anchor_not_uniquely_validated
1288,3729,1,drug_anchor_not_uniquely_validated
1289,3729,1,drug_anchor_not_uniquely_validated
1290,3729,1,drug_anchor_not_uniquely_validated
1291,3729,1,drug_anchor_not_uniquely_validated
1292,3729,1,drug_anchor_not_uniquely_validated
1292,3729,7,drug_anchor_not_uniquely_validated
1294,3477,1,drug_anchor_not_uniquely_validated
1295,3477,1,drug_anchor_not_uniquely_validated
1296,3438,7,drug_anchor_not_uniquely_validated
1296,3729,7,drug_anchor_not_uniquely_validated
1296,10266,7,drug_anchor_not_uniquely_validated
1303,3438,1,drug_anchor_not_uniquely_validated
1303,3438,7,drug_anchor_not_uniquely_validated
1303,3477,1,drug_anchor_not_uniquely_validated
1303,3477,7,drug_anchor_not_uniquely_validated
1304,3414,1,drug_anchor_not_uniquely_validated
1304,3438,1,drug_anchor_not_uniquely_validated
1304,3477,1,drug_anchor_not_uniquely_validated
1305,3438,1,drug_anchor_not_uniquely_validated
1305,3477,1,drug_anchor_not_uniquely_validated
1306,3438,1,drug_anchor_not_uniquely_validated
1306,3477,1,drug_anchor_not_uniquely_validated
1307,3438,1,drug_anchor_not_uniquely_validated
1307,3477,1,drug_anchor_not_uniquely_validated
1308,3438,1,drug_anchor_not_uniquely_validated
1308,3477,1,drug_anchor_not_uniquely_validated
1309,3729,1,drug_anchor_not_uniquely_validated
1310,3729,1,drug_anchor_not_uniquely_validated
1319,3729,1,drug_anchor_not_uniquely_validated
1320,3729,1,drug_anchor_not_uniquely_validated
1322,3729,1,drug_anchor_not_uniquely_validated
1323,17358,1,drug_anchor_not_uniquely_validated
1324,3729,1,drug_anchor_not_uniquely_validated
1325,10266,1,drug_anchor_not_uniquely_validated
1335,3477,1,drug_anchor_not_uniquely_validated
1340,18225,7,drug_anchor_not_uniquely_validated
1344,10266,1,drug_anchor_not_uniquely_validated
1347,10266,1,drug_anchor_not_uniquely_validated
1348,10266,1,drug_anchor_not_uniquely_validated
1349,16318,1,drug_anchor_not_uniquely_validated
1350,18226,1,drug_anchor_not_uniquely_validated
1351,3729,1,drug_anchor_not_uniquely_validated
1353,10266,1,drug_anchor_not_uniquely_validated
1355,3477,1,drug_anchor_not_uniquely_validated
1356,10266,1,drug_anchor_not_uniquely_validated
1360,3477,1,drug_anchor_not_uniquely_validated
1360,18225,1,drug_anchor_not_uniquely_validated
1363,10266,1,drug_anchor_not_uniquely_validated
1367,18229,1,drug_anchor_not_uniquely_validated
1369,23689,1,drug_anchor_not_uniquely_validated
1370,3477,1,drug_anchor_not_uniquely_validated
1370,3729,1,drug_anchor_not_uniquely_validated
1370,9253,1,drug_anchor_not_uniquely_validated
1374,3438,1,drug_anchor_not_uniquely_validated
1389,3438,1,drug_anchor_not_uniquely_validated
1389,3477,1,drug_anchor_not_uniquely_validated
1389,3729,1,drug_anchor_not_uniquely_validated
1389,10266,1,drug_anchor_not_uniquely_validated
1390,3438,1,drug_anchor_not_uniquely_validated
1390,3477,1,drug_anchor_not_uniquely_validated
1390,3729,1,drug_anchor_not_uniquely_validated
1390,10266,1,drug_anchor_not_uniquely_validated
1391,3477,1,drug_anchor_not_uniquely_validated
1400,30772,1,drug_anchor_not_uniquely_validated
1401,30772,1,drug_anchor_not_uniquely_validated
1403,3477,1,drug_anchor_not_uniquely_validated
1404,3477,1,drug_anchor_not_uniquely_validated
1405,3477,1,drug_anchor_not_uniquely_validated
1408,3729,7,drug_anchor_not_uniquely_validated
1408,16318,7,drug_anchor_not_uniquely_validated
1412,3438,7,drug_anchor_not_uniquely_validated
1412,3477,1,drug_anchor_not_uniquely_validated
1415,3438,7,drug_anchor_not_uniquely_validated
1415,13255,7,drug_anchor_not_uniquely_validated
1416,3477,1,drug_anchor_not_uniquely_validated
1417,3438,1,drug_anchor_not_uniquely_validated
1417,3477,1,drug_anchor_not_uniquely_validated
1420,31795,7,drug_anchor_not_uniquely_validated
1420,32528,7,drug_anchor_not_uniquely_validated
1421,10266,1,drug_anchor_not_uniquely_validated
1422,3438,1,drug_anchor_not_uniquely_validated
1422,3477,1,drug_anchor_not_uniquely_validated
1423,3477,1,drug_anchor_not_uniquely_validated
1424,3477,1,drug_anchor_not_uniquely_validated
1427,3477,1,drug_anchor_not_uniquely_validated
1428,10266,1,drug_anchor_not_uniquely_validated
1429,10266,1,drug_anchor_not_uniquely_validated
1431,3438,7,drug_anchor_not_uniquely_validated
1431,13255,7,drug_anchor_not_uniquely_validated
1433,3438,7,drug_anchor_not_uniquely_validated
1433,10266,7,drug_anchor_not_uniquely_validated
1436,19264,1,drug_anchor_not_uniquely_validated
1443,3438,7,drug_anchor_not_uniquely_validated
1443,3729,7,drug_anchor_not_uniquely_validated
1443,10266,7,drug_anchor_not_uniquely_validated
1445,9253,7,drug_anchor_not_uniquely_validated
1445,10266,7,drug_anchor_not_uniquely_validated
1447,3438,1,drug_anchor_not_uniquely_validated
1448,3477,1,drug_anchor_not_uniquely_validated
1449,3477,1,drug_anchor_not_uniquely_validated
1451,10266,1,drug_anchor_not_uniquely_validated
1455,3477,1,drug_anchor_not_uniquely_validated
1467,13819,7,drug_anchor_not_uniquely_validated
1468,13819,1,drug_anchor_not_uniquely_validated
1469,19733,1,drug_anchor_not_uniquely_validated
1470,3729,1,drug_anchor_not_uniquely_validated
1470,9253,1,drug_anchor_not_uniquely_validated
1470,10266,1,drug_anchor_not_uniquely_validated
1471,9253,7,drug_anchor_not_uniquely_validated
1471,10266,7,drug_anchor_not_uniquely_validated
1473,19793,1,drug_anchor_not_uniquely_validated
1476,19925,1,drug_anchor_not_uniquely_validated
1477,3729,1,drug_anchor_not_uniquely_validated
1478,3438,7,drug_anchor_not_uniquely_validated
1481,10266,1,drug_anchor_not_uniquely_validated
1481,10266,7,drug_anchor_not_uniquely_validated
1482,3414,1,drug_anchor_not_uniquely_validated
1485,10266,1,drug_anchor_not_uniquely_validated
1486,3438,1,drug_anchor_not_uniquely_validated
1486,10266,1,drug_anchor_not_uniquely_validated
1486,13255,1,drug_anchor_not_uniquely_validated
1488,3729,1,drug_anchor_not_uniquely_validated
1490,3890,1,drug_anchor_not_uniquely_validated
1491,3729,7,drug_anchor_not_uniquely_validated
1491,9253,7,drug_anchor_not_uniquely_validated
1491,10266,7,drug_anchor_not_uniquely_validated
1492,3438,1,drug_anchor_not_uniquely_validated
1492,10266,1,drug_anchor_not_uniquely_validated
1492,10934,1,drug_anchor_not_uniquely_validated
1492,13255,1,drug_anchor_not_uniquely_validated
1496,24013,1,drug_anchor_not_uniquely_validated
1497,10266,7,drug_anchor_not_uniquely_validated
1497,13255,7,drug_anchor_not_uniquely_validated
1498,3438,1,drug_anchor_not_uniquely_validated
1498,3438,7,drug_anchor_not_uniquely_validated
1498,3477,1,drug_anchor_not_uniquely_validated
1498,3477,7,drug_anchor_not_uniquely_validated
1499,3414,7,drug_anchor_not_uniquely_validated
1499,3438,7,drug_anchor_not_uniquely_validated
1500,31150,7,drug_anchor_not_uniquely_validated
1504,3438,1,drug_anchor_not_uniquely_validated
1505,3438,7,drug_anchor_not_uniquely_validated
1505,10266,7,drug_anchor_not_uniquely_validated
1506,3438,1,drug_anchor_not_uniquely_validated
1506,3438,7,drug_anchor_not_uniquely_validated
1507,3438,7,drug_anchor_not_uniquely_validated
1507,3729,1,drug_anchor_not_uniquely_validated
1508,3438,7,drug_anchor_not_uniquely_validated
1510,3438,1,drug_anchor_not_uniquely_validated
1510,3438,7,drug_anchor_not_uniquely_validated
1510,10266,1,drug_anchor_not_uniquely_validated
1510,10266,7,drug_anchor_not_uniquely_validated
1511,3438,7,drug_anchor_not_uniquely_validated
1511,28973,7,drug_anchor_not_uniquely_validated
1512,3438,7,drug_anchor_not_uniquely_validated
1513,3438,7,drug_anchor_not_uniquely_validated
1513,3729,7,drug_anchor_not_uniquely_validated
1513,10266,7,drug_anchor_not_uniquely_validated
1514,3438,1,drug_anchor_not_uniquely_validated
1515,3438,1,drug_anchor_not_uniquely_validated
1516,3438,1,drug_anchor_not_uniquely_validated
1517,3438,1,drug_anchor_not_uniquely_validated
1518,3729,1,drug_anchor_not_uniquely_validated
1519,3438,1,drug_anchor_not_uniquely_validated
1519,3729,1,drug_anchor_not_uniquely_validated
1519,10266,1,drug_anchor_not_uniquely_validated
1522,10266,1,drug_anchor_not_uniquely_validated
1523,10266,7,drug_anchor_not_uniquely_validated
1525,10266,1,drug_anchor_not_uniquely_validated
1526,13255,1,drug_anchor_not_uniquely_validated
1526,13255,7,drug_anchor_not_uniquely_validated
1529,3477,7,drug_anchor_not_uniquely_validated
1533,3438,7,drug_anchor_not_uniquely_validated
1533,28973,7,drug_anchor_not_uniquely_validated
1536,3477,1,drug_anchor_not_uniquely_validated
1537,3477,1,drug_anchor_not_uniquely_validated
1538,3414,1,drug_anchor_not_uniquely_validated
1539,10266,1,drug_anchor_not_uniquely_validated
1539,10266,7,drug_anchor_not_uniquely_validated
1540,3477,1,drug_anchor_not_uniquely_validated
1541,3890,1,drug_anchor_not_uniquely_validated
1547,10266,1,drug_anchor_not_uniquely_validated
1551,10266,1,drug_anchor_not_uniquely_validated
1551,13255,1,drug_anchor_not_uniquely_validated
1553,3477,1,drug_anchor_not_uniquely_validated
1555,3477,1,drug_anchor_not_uniquely_validated
1557,10266,1,drug_anchor_not_uniquely_validated
1560,13255,1,drug_anchor_not_uniquely_validated
1564,3729,1,drug_anchor_not_uniquely_validated
1565,3729,1,drug_anchor_not_uniquely_validated
1566,3414,1,drug_anchor_not_uniquely_validated
1579,3414,7,drug_anchor_not_uniquely_validated
1579,3729,7,drug_anchor_not_uniquely_validated
1580,3477,1,drug_anchor_not_uniquely_validated
1580,3729,1,drug_anchor_not_uniquely_validated
1581,3438,1,drug_anchor_not_uniquely_validated
1581,10266,1,drug_anchor_not_uniquely_validated
1583,3729,7,drug_anchor_not_uniquely_validated
1583,20787,7,drug_anchor_not_uniquely_validated
1584,13255,1,drug_anchor_not_uniquely_validated
1585,21853,1,drug_anchor_not_uniquely_validated
1586,3438,1,drug_anchor_not_uniquely_validated
1590,10266,1,drug_anchor_not_uniquely_validated
1593,3477,1,drug_anchor_not_uniquely_validated
1594,3477,1,drug_anchor_not_uniquely_validated
1595,3438,1,drug_anchor_not_uniquely_validated
1595,10266,1,drug_anchor_not_uniquely_validated
1595,10934,1,drug_anchor_not_uniquely_validated
1595,13255,1,drug_anchor_not_uniquely_validated
1597,10266,7,drug_anchor_not_uniquely_validated
1599,3477,7,drug_anchor_not_uniquely_validated
1600,10266,7,drug_anchor_not_uniquely_validated
1604,28973,1,drug_anchor_not_uniquely_validated
1605,28973,7,drug_anchor_not_uniquely_validated
1607,10266,7,drug_anchor_not_uniquely_validated
1608,3438,7,drug_anchor_not_uniquely_validated
1608,10266,7,drug_anchor_not_uniquely_validated
1609,10266,1,drug_anchor_not_uniquely_validated
1610,3438,1,drug_anchor_not_uniquely_validated
1610,3438,7,drug_anchor_not_uniquely_validated
1610,10266,1,drug_anchor_not_uniquely_validated
1610,10266,7,drug_anchor_not_uniquely_validated
1610,13255,1,drug_anchor_not_uniquely_validated
1610,13255,7,drug_anchor_not_uniquely_validated
1611,3438,7,drug_anchor_not_uniquely_validated
1611,10266,7,drug_anchor_not_uniquely_validated
1611,13255,7,drug_anchor_not_uniquely_validated
1612,3438,1,drug_anchor_not_uniquely_validated
1612,10266,1,drug_anchor_not_uniquely_validated
1612,13255,1,drug_anchor_not_uniquely_validated
1613,10266,7,drug_anchor_not_uniquely_validated
1617,10266,1,drug_anchor_not_uniquely_validated
1618,10266,1,drug_anchor_not_uniquely_validated
1618,10266,7,drug_anchor_not_uniquely_validated
1619,10266,1,drug_anchor_not_uniquely_validated
1619,13255,1,drug_anchor_not_uniquely_validated
1619,13255,7,drug_anchor_not_uniquely_validated
1620,3477,1,drug_anchor_not_uniquely_validated
1622,3438,7,drug_anchor_not_uniquely_validated
1624,3438,1,drug_anchor_not_uniquely_validated
1624,3438,7,drug_anchor_not_uniquely_validated
1624,13255,1,drug_anchor_not_uniquely_validated
1624,13255,7,drug_anchor_not_uniquely_validated
1625,3438,1,drug_anchor_not_uniquely_validated
1625,13255,1,drug_anchor_not_uniquely_validated
1626,3414,1,drug_anchor_not_uniquely_validated
1627,13255,1,drug_anchor_not_uniquely_validated
1629,13255,1,drug_anchor_not_uniquely_validated
1630,10266,1,drug_anchor_not_uniquely_validated
1630,10266,7,drug_anchor_not_uniquely_validated
1630,13255,1,drug_anchor_not_uniquely_validated
1630,13255,7,drug_anchor_not_uniquely_validated
1632,10266,7,drug_anchor_not_uniquely_validated
1632,13255,7,drug_anchor_not_uniquely_validated
1634,3438,1,drug_anchor_not_uniquely_validated
1634,13255,1,drug_anchor_not_uniquely_validated
1642,3438,7,drug_anchor_not_uniquely_validated
1646,5536,1,drug_anchor_not_uniquely_validated
1648,3438,1,drug_anchor_not_uniquely_validated
1649,3438,1,drug_anchor_not_uniquely_validated
1653,3729,1,drug_anchor_not_uniquely_validated
1653,9253,1,drug_anchor_not_uniquely_validated
1653,10266,1,drug_anchor_not_uniquely_validated
1655,23500,1,drug_anchor_not_uniquely_validated
1663,3438,1,drug_anchor_not_uniquely_validated
1664,3438,1,drug_anchor_not_uniquely_validated
1665,3477,1,drug_anchor_not_uniquely_validated
1665,3729,1,drug_anchor_not_uniquely_validated
1665,13255,1,drug_anchor_not_uniquely_validated
1666,3477,1,drug_anchor_not_uniquely_validated
1666,3729,1,drug_anchor_not_uniquely_validated
1666,13255,1,drug_anchor_not_uniquely_validated
1667,10266,7,drug_anchor_not_uniquely_validated
1667,13255,7,drug_anchor_not_uniquely_validated
1668,3438,1,drug_anchor_not_uniquely_validated
1669,3438,1,drug_anchor_not_uniquely_validated
1672,3438,1,drug_anchor_not_uniquely_validated
1672,10266,1,drug_anchor_not_uniquely_validated
1673,3438,7,drug_anchor_not_uniquely_validated
1673,12020,7,drug_anchor_not_uniquely_validated
1674,3477,1,drug_anchor_not_uniquely_validated
1674,3729,1,drug_anchor_not_uniquely_validated
1675,3414,1,drug_anchor_not_uniquely_validated
1675,3729,1,drug_anchor_not_uniquely_validated
1678,3438,1,drug_anchor_not_uniquely_validated
1678,10266,1,drug_anchor_not_uniquely_validated
1679,3729,7,drug_anchor_not_uniquely_validated
1679,10266,7,drug_anchor_not_uniquely_validated
1680,3729,7,drug_anchor_not_uniquely_validated
1680,10266,7,drug_anchor_not_uniquely_validated
1683,10266,1,drug_anchor_not_uniquely_validated
1684,24013,1,drug_anchor_not_uniquely_validated
1686,3438,1,drug_anchor_not_uniquely_validated
1686,3438,7,drug_anchor_not_uniquely_validated
1686,10266,1,drug_anchor_not_uniquely_validated
1686,10266,7,drug_anchor_not_uniquely_validated
1687,3729,1,drug_anchor_not_uniquely_validated
1692,9206,1,drug_anchor_not_uniquely_validated
1694,10266,7,drug_anchor_not_uniquely_validated
1695,10266,7,drug_anchor_not_uniquely_validated
1696,3438,1,drug_anchor_not_uniquely_validated
1696,3438,7,drug_anchor_not_uniquely_validated
1696,10266,1,drug_anchor_not_uniquely_validated
1696,10266,7,drug_anchor_not_uniquely_validated
1698,10266,1,drug_anchor_not_uniquely_validated
1705,3438,7,drug_anchor_not_uniquely_validated
1705,13255,7,drug_anchor_not_uniquely_validated
1706,3438,1,drug_anchor_not_uniquely_validated
1706,10266,1,drug_anchor_not_uniquely_validated
1707,3438,7,drug_anchor_not_uniquely_validated
1708,3438,1,drug_anchor_not_uniquely_validated
1708,10266,1,drug_anchor_not_uniquely_validated
1709,3438,1,drug_anchor_not_uniquely_validated
1709,10266,1,drug_anchor_not_uniquely_validated
1715,30772,1,drug_anchor_not_uniquely_validated
1721,3438,1,drug_anchor_not_uniquely_validated
1721,3477,1,drug_anchor_not_uniquely_validated
1722,3438,1,drug_anchor_not_uniquely_validated
1722,3438,7,drug_anchor_not_uniquely_validated
1727,3729,7,drug_anchor_not_uniquely_validated
1727,10266,7,drug_anchor_not_uniquely_validated
1728,13255,7,drug_anchor_not_uniquely_validated
1732,13255,7,drug_anchor_not_uniquely_validated
1735,10266,1,drug_anchor_not_uniquely_validated
1738,3438,7,drug_anchor_not_uniquely_validated
1739,3477,1,drug_anchor_not_uniquely_validated
1739,3729,1,drug_anchor_not_uniquely_validated
1741,3477,1,drug_anchor_not_uniquely_validated
1744,3438,1,drug_anchor_not_uniquely_validated
1745,3438,1,drug_anchor_not_uniquely_validated
1746,3438,1,drug_anchor_not_uniquely_validated
1752,10266,1,drug_anchor_not_uniquely_validated
1756,10266,7,drug_anchor_not_uniquely_validated
1757,10266,1,drug_anchor_not_uniquely_validated
1762,13255,1,drug_anchor_not_uniquely_validated
1770,3438,7,drug_anchor_not_uniquely_validated
1772,25973,1,drug_anchor_not_uniquely_validated
1775,26174,1,drug_anchor_not_uniquely_validated
1780,3438,7,drug_anchor_not_uniquely_validated
1780,10266,7,drug_anchor_not_uniquely_validated
1781,10266,1,drug_anchor_not_uniquely_validated
1782,3438,7,drug_anchor_not_uniquely_validated
1782,3729,7,drug_anchor_not_uniquely_validated
1782,10266,7,drug_anchor_not_uniquely_validated
1784,3438,1,drug_anchor_not_uniquely_validated
1784,10266,1,drug_anchor_not_uniquely_validated
1785,3477,1,drug_anchor_not_uniquely_validated
1786,10266,1,drug_anchor_not_uniquely_validated
1787,3477,1,drug_anchor_not_uniquely_validated
1789,10266,1,drug_anchor_not_uniquely_validated
1792,3477,1,drug_anchor_not_uniquely_validated
1795,10266,1,drug_anchor_not_uniquely_validated
1796,10266,1,drug_anchor_not_uniquely_validated
1797,10266,1,drug_anchor_not_uniquely_validated
1798,10266,1,drug_anchor_not_uniquely_validated
1799,14014,7,drug_anchor_not_uniquely_validated
1802,3438,7,drug_anchor_not_uniquely_validated
1802,10266,7,drug_anchor_not_uniquely_validated
1803,3438,1,drug_anchor_not_uniquely_validated
1803,3438,7,drug_anchor_not_uniquely_validated
1803,3729,1,drug_anchor_not_uniquely_validated
1803,3729,7,drug_anchor_not_uniquely_validated
1803,10266,1,drug_anchor_not_uniquely_validated
1803,10266,7,drug_anchor_not_uniquely_validated
1804,3438,1,drug_anchor_not_uniquely_validated
1804,3438,7,drug_anchor_not_uniquely_validated
1804,10266,1,drug_anchor_not_uniquely_validated
1804,10266,7,drug_anchor_not_uniquely_validated
1805,4367,1,drug_anchor_not_uniquely_validated
1805,4367,7,drug_anchor_not_uniquely_validated
1806,3438,1,drug_anchor_not_uniquely_validated
1806,10266,1,drug_anchor_not_uniquely_validated
1806,13255,1,drug_anchor_not_uniquely_validated
1807,3477,1,drug_anchor_not_uniquely_validated
1807,9253,7,drug_anchor_not_uniquely_validated
1807,10266,7,drug_anchor_not_uniquely_validated
1809,3438,1,drug_anchor_not_uniquely_validated
1809,10266,1,drug_anchor_not_uniquely_validated
1810,3438,1,drug_anchor_not_uniquely_validated
1810,10266,1,drug_anchor_not_uniquely_validated
1810,13255,1,drug_anchor_not_uniquely_validated
1811,3729,1,drug_anchor_not_uniquely_validated
1813,3438,1,drug_anchor_not_uniquely_validated
1813,10266,1,drug_anchor_not_uniquely_validated
1814,10266,1,drug_anchor_not_uniquely_validated
1815,10266,1,drug_anchor_not_uniquely_validated
1816,10266,1,drug_anchor_not_uniquely_validated
1817,3438,1,drug_anchor_not_uniquely_validated
1817,10266,1,drug_anchor_not_uniquely_validated
1818,3438,1,drug_anchor_not_uniquely_validated
1818,10266,1,drug_anchor_not_uniquely_validated
1819,3438,1,drug_anchor_not_uniquely_validated
1819,3438,7,drug_anchor_not_uniquely_validated
1819,10266,1,drug_anchor_not_uniquely_validated
1819,10266,7,drug_anchor_not_uniquely_validated
1820,3438,1,drug_anchor_not_uniquely_validated
1820,10266,1,drug_anchor_not_uniquely_validated
1821,3438,1,drug_anchor_not_uniquely_validated
1821,3477,1,drug_anchor_not_uniquely_validated
1821,3729,1,drug_anchor_not_uniquely_validated
1821,10266,1,drug_anchor_not_uniquely_validated
1822,3438,1,drug_anchor_not_uniquely_validated
1822,3477,1,drug_anchor_not_uniquely_validated
1822,3729,1,drug_anchor_not_uniquely_validated
1822,10266,1,drug_anchor_not_uniquely_validated
1823,3438,1,drug_anchor_not_uniquely_validated
1823,10266,1,drug_anchor_not_uniquely_validated
1824,3477,1,drug_anchor_not_uniquely_validated
1825,3438,1,drug_anchor_not_uniquely_validated
1826,3438,1,drug_anchor_not_uniquely_validated
1826,3729,1,drug_anchor_not_uniquely_validated
1827,3438,1,drug_anchor_not_uniquely_validated
1827,10266,1,drug_anchor_not_uniquely_validated
1828,3414,1,drug_anchor_not_uniquely_validated
1828,10266,1,drug_anchor_not_uniquely_validated
1829,10266,1,drug_anchor_not_uniquely_validated
1830,10266,1,drug_anchor_not_uniquely_validated
1830,10266,7,drug_anchor_not_uniquely_validated
1831,3477,1,drug_anchor_not_uniquely_validated
1831,3729,1,drug_anchor_not_uniquely_validated
1832,3477,1,drug_anchor_not_uniquely_validated
1832,3729,1,drug_anchor_not_uniquely_validated
1833,3477,1,drug_anchor_not_uniquely_validated
1833,3729,1,drug_anchor_not_uniquely_validated
1834,3477,1,drug_anchor_not_uniquely_validated
1834,3477,7,drug_anchor_not_uniquely_validated
1834,3729,1,drug_anchor_not_uniquely_validated
1834,3729,7,drug_anchor_not_uniquely_validated
1835,3477,1,drug_anchor_not_uniquely_validated
1835,3729,1,drug_anchor_not_uniquely_validated
1836,3477,7,drug_anchor_not_uniquely_validated
1836,3729,7,drug_anchor_not_uniquely_validated
1837,3438,1,drug_anchor_not_uniquely_validated
1837,10266,1,drug_anchor_not_uniquely_validated
1838,3414,1,drug_anchor_not_uniquely_validated
1838,3729,1,drug_anchor_not_uniquely_validated
1840,3477,1,drug_anchor_not_uniquely_validated
1841,10266,1,drug_anchor_not_uniquely_validated
1842,3477,1,drug_anchor_not_uniquely_validated
1844,3729,1,drug_anchor_not_uniquely_validated
1845,3438,1,drug_anchor_not_uniquely_validated
1845,3477,1,drug_anchor_not_uniquely_validated
1845,3729,1,drug_anchor_not_uniquely_validated
1846,3438,7,drug_anchor_not_uniquely_validated
1846,3477,7,drug_anchor_not_uniquely_validated
1850,10266,1,drug_anchor_not_uniquely_validated
1851,3438,1,drug_anchor_not_uniquely_validated
1851,10266,1,drug_anchor_not_uniquely_validated
1852,3438,1,drug_anchor_not_uniquely_validated
1852,10266,1,drug_anchor_not_uniquely_validated
1853,10266,1,drug_anchor_not_uniquely_validated
1853,13255,1,drug_anchor_not_uniquely_validated
1854,3438,1,drug_anchor_not_uniquely_validated
1854,10266,1,drug_anchor_not_uniquely_validated
1857,10266,1,drug_anchor_not_uniquely_validated
1859,10266,1,drug_anchor_not_uniquely_validated
1860,3438,1,drug_anchor_not_uniquely_validated
1860,3477,1,drug_anchor_not_uniquely_validated
1861,3438,1,drug_anchor_not_uniquely_validated
1861,10266,1,drug_anchor_not_uniquely_validated
1862,3438,1,drug_anchor_not_uniquely_validated
1862,13255,1,drug_anchor_not_uniquely_validated
1864,27489,1,drug_anchor_not_uniquely_validated
1875,3438,1,drug_anchor_not_uniquely_validated
1875,3477,1,drug_anchor_not_uniquely_validated
1880,3729,7,drug_anchor_not_uniquely_validated
1880,10266,7,drug_anchor_not_uniquely_validated
1880,33933,7,drug_anchor_not_uniquely_validated
1886,10266,1,drug_anchor_not_uniquely_validated
1890,3477,1,drug_anchor_not_uniquely_validated
1890,3477,7,drug_anchor_not_uniquely_validated
1891,3477,1,drug_anchor_not_uniquely_validated
1893,30772,1,drug_anchor_not_uniquely_validated
1894,30772,1,drug_anchor_not_uniquely_validated
1896,3438,7,drug_anchor_not_uniquely_validated
1896,28973,7,drug_anchor_not_uniquely_validated
1897,16318,1,drug_anchor_not_uniquely_validated
1898,3438,1,drug_anchor_not_uniquely_validated
1898,10266,1,drug_anchor_not_uniquely_validated
1899,3438,1,drug_anchor_not_uniquely_validated
1899,3438,7,drug_anchor_not_uniquely_validated
1900,3477,1,drug_anchor_not_uniquely_validated
1901,3477,1,drug_anchor_not_uniquely_validated
1905,29057,1,drug_anchor_not_uniquely_validated
1906,3729,1,drug_anchor_not_uniquely_validated
1908,3729,7,drug_anchor_not_uniquely_validated
1908,10266,7,drug_anchor_not_uniquely_validated
1909,3729,7,drug_anchor_not_uniquely_validated
1909,10266,7,drug_anchor_not_uniquely_validated
1910,3729,7,drug_anchor_not_uniquely_validated
1910,9253,7,drug_anchor_not_uniquely_validated
1910,10266,7,drug_anchor_not_uniquely_validated
1911,29256,1,drug_anchor_not_uniquely_validated
1913,10266,1,drug_anchor_not_uniquely_validated
1918,3438,7,drug_anchor_not_uniquely_validated
1919,3477,1,drug_anchor_not_uniquely_validated
1921,3477,1,drug_anchor_not_uniquely_validated
1921,3477,7,drug_anchor_not_uniquely_validated
1926,30772,1,drug_anchor_not_uniquely_validated
1927,30772,1,drug_anchor_not_uniquely_validated
1929,3438,1,drug_anchor_not_uniquely_validated
1929,3438,7,drug_anchor_not_uniquely_validated
1929,10266,1,drug_anchor_not_uniquely_validated
1929,10266,7,drug_anchor_not_uniquely_validated
1929,13255,1,drug_anchor_not_uniquely_validated
1929,13255,7,drug_anchor_not_uniquely_validated
1930,29965,7,drug_anchor_not_uniquely_validated
1931,9136,1,drug_anchor_not_uniquely_validated
1936,3477,1,drug_anchor_not_uniquely_validated
1937,3438,7,drug_anchor_not_uniquely_validated
1938,3438,7,drug_anchor_not_uniquely_validated
1939,3438,1,drug_anchor_not_uniquely_validated
1940,3438,7,drug_anchor_not_uniquely_validated
1940,6582,7,drug_anchor_not_uniquely_validated
1941,3477,7,drug_anchor_not_uniquely_validated
1942,3438,1,drug_anchor_not_uniquely_validated
1944,5644,1,drug_anchor_not_uniquely_validated
1944,16228,1,drug_anchor_not_uniquely_validated
1946,3438,1,drug_anchor_not_uniquely_validated
1948,10266,7,drug_anchor_not_uniquely_validated
1949,30388,1,drug_anchor_not_uniquely_validated
1950,3438,1,drug_anchor_not_uniquely_validated
1957,3729,1,drug_anchor_not_uniquely_validated
1958,30507,1,drug_anchor_not_uniquely_validated
1959,13472,1,drug_anchor_not_uniquely_validated
1960,10266,1,drug_anchor_not_uniquely_validated
1970,10266,7,drug_anchor_not_uniquely_validated
1971,3438,1,drug_anchor_not_uniquely_validated
1974,10266,1,drug_anchor_not_uniquely_validated
1978,30771,1,drug_anchor_not_uniquely_validated
1993,3438,1,drug_anchor_not_uniquely_validated
1994,3438,1,drug_anchor_not_uniquely_validated
1997,3477,1,drug_anchor_not_uniquely_validated
1998,10266,1,drug_anchor_not_uniquely_validated
1999,10266,1,drug_anchor_not_uniquely_validated
2009,3729,7,drug_anchor_not_uniquely_validated
2011,3890,1,drug_anchor_not_uniquely_validated
2013,3729,7,drug_anchor_not_uniquely_validated
2013,10266,7,drug_anchor_not_uniquely_validated
2020,3438,1,drug_anchor_not_uniquely_validated
2020,3477,1,drug_anchor_not_uniquely_validated
2023,21851,7,drug_anchor_not_uniquely_validated
2024,21851,7,drug_anchor_not_uniquely_validated
2027,3729,7,drug_anchor_not_uniquely_validated
2027,9253,7,drug_anchor_not_uniquely_validated
2027,10266,7,drug_anchor_not_uniquely_validated
2028,5644,1,drug_anchor_not_uniquely_validated
2028,16228,1,drug_anchor_not_uniquely_validated
2039,3477,1,drug_anchor_not_uniquely_validated
2042,3438,1,drug_anchor_not_uniquely_validated
2042,3477,1,drug_anchor_not_uniquely_validated
2044,15505,7,drug_anchor_not_uniquely_validated
2045,30771,1,drug_anchor_not_uniquely_validated
2046,30771,1,drug_anchor_not_uniquely_validated
2048,3729,1,drug_anchor_not_uniquely_validated
2050,3438,1,drug_anchor_not_uniquely_validated
2050,3477,1,drug_anchor_not_uniquely_validated
2052,3438,7,drug_anchor_not_uniquely_validated
2052,10266,7,drug_anchor_not_uniquely_validated
2053,13255,7,drug_anchor_not_uniquely_validated
2054,13255,7,drug_anchor_not_uniquely_validated
2055,13255,7,drug_anchor_not_uniquely_validated
2056,13255,1,drug_anchor_not_uniquely_validated
2057,13255,7,drug_anchor_not_uniquely_validated
2058,3438,7,drug_anchor_not_uniquely_validated
2058,13255,7,drug_anchor_not_uniquely_validated
2059,3438,1,drug_anchor_not_uniquely_validated
2059,3438,7,drug_anchor_not_uniquely_validated
2060,3438,1,drug_anchor_not_uniquely_validated
2061,3438,7,drug_anchor_not_uniquely_validated
2062,3438,1,drug_anchor_not_uniquely_validated
2062,10266,1,drug_anchor_not_uniquely_validated
2063,3438,1,drug_anchor_not_uniquely_validated
2063,3477,1,drug_anchor_not_uniquely_validated
2064,3438,1,drug_anchor_not_uniquely_validated
2064,3477,1,drug_anchor_not_uniquely_validated
2065,3438,1,drug_anchor_not_uniquely_validated
2065,3477,1,drug_anchor_not_uniquely_validated
2065,10266,1,drug_anchor_not_uniquely_validated
2066,3438,1,drug_anchor_not_uniquely_validated
2066,3477,1,drug_anchor_not_uniquely_validated
2066,10266,1,drug_anchor_not_uniquely_validated
2067,3438,7,drug_anchor_not_uniquely_validated
2067,3477,7,drug_anchor_not_uniquely_validated
2068,3438,7,drug_anchor_not_uniquely_validated
2070,3438,1,drug_anchor_not_uniquely_validated
2071,32751,1,drug_anchor_not_uniquely_validated
2072,3438,7,drug_anchor_not_uniquely_validated
2073,3414,1,drug_anchor_not_uniquely_validated
2073,3438,1,drug_anchor_not_uniquely_validated
2073,10266,1,drug_anchor_not_uniquely_validated
2073,13255,1,drug_anchor_not_uniquely_validated
2075,3438,1,drug_anchor_not_uniquely_validated
2075,10266,1,drug_anchor_not_uniquely_validated
2076,13255,7,drug_anchor_not_uniquely_validated
2077,3729,7,drug_anchor_not_uniquely_validated
2077,9253,7,drug_anchor_not_uniquely_validated
2078,3438,7,drug_anchor_not_uniquely_validated
2078,13255,7,drug_anchor_not_uniquely_validated
2078,14061,7,drug_anchor_not_uniquely_validated
2079,3438,7,drug_anchor_not_uniquely_validated
2080,13255,7,drug_anchor_not_uniquely_validated
2081,3438,7,drug_anchor_not_uniquely_validated
2082,3438,7,drug_anchor_not_uniquely_validated
2082,10266,7,drug_anchor_not_uniquely_validated
2084,10266,1,drug_anchor_not_uniquely_validated
2084,10266,7,drug_anchor_not_uniquely_validated
2085,3438,1,drug_anchor_not_uniquely_validated
2085,3477,1,drug_anchor_not_uniquely_validated
2085,10266,1,drug_anchor_not_uniquely_validated
2087,3438,1,drug_anchor_not_uniquely_validated
2087,10266,1,drug_anchor_not_uniquely_validated
2087,13255,1,drug_anchor_not_uniquely_validated
2089,3438,1,drug_anchor_not_uniquely_validated
2089,3477,1,drug_anchor_not_uniquely_validated
2090,3438,1,drug_anchor_not_uniquely_validated
2091,13255,1,drug_anchor_not_uniquely_validated
2092,10266,7,drug_anchor_not_uniquely_validated
2092,14122,7,drug_anchor_not_uniquely_validated
2094,3477,1,drug_anchor_not_uniquely_validated
2097,3438,1,drug_anchor_not_uniquely_validated
2097,10266,1,drug_anchor_not_uniquely_validated
2098,10266,1,drug_anchor_not_uniquely_validated
2098,13255,1,drug_anchor_not_uniquely_validated
2101,3438,1,drug_anchor_not_uniquely_validated
2103,10266,1,drug_anchor_not_uniquely_validated
2103,13255,1,drug_anchor_not_uniquely_validated
2104,13255,1,drug_anchor_not_uniquely_validated
2107,13255,1,drug_anchor_not_uniquely_validated
2108,18766,1,drug_anchor_not_uniquely_validated
2115,3477,1,drug_anchor_not_uniquely_validated
2118,10266,7,drug_anchor_not_uniquely_validated
2119,3438,7,drug_anchor_not_uniquely_validated
2121,10266,1,drug_anchor_not_uniquely_validated
2121,10266,7,drug_anchor_not_uniquely_validated
2122,3438,1,drug_anchor_not_uniquely_validated
2122,10266,1,drug_anchor_not_uniquely_validated
2123,3438,1,drug_anchor_not_uniquely_validated
2123,10266,1,drug_anchor_not_uniquely_validated
2124,3477,1,drug_anchor_not_uniquely_validated
2125,3477,1,drug_anchor_not_uniquely_validated
2125,10266,1,drug_anchor_not_uniquely_validated
2126,3477,1,drug_anchor_not_uniquely_validated
2126,10266,1,drug_anchor_not_uniquely_validated
2127,10266,1,drug_anchor_not_uniquely_validated
2127,10266,7,drug_anchor_not_uniquely_validated
2128,3438,1,drug_anchor_not_uniquely_validated
2129,3438,1,drug_anchor_not_uniquely_validated
2130,10266,1,drug_anchor_not_uniquely_validated
2130,10266,7,drug_anchor_not_uniquely_validated
2131,3438,7,drug_anchor_not_uniquely_validated
2134,10266,7,drug_anchor_not_uniquely_validated
2134,13255,7,drug_anchor_not_uniquely_validated
2136,13255,7,drug_anchor_not_uniquely_validated
2137,3438,1,drug_anchor_not_uniquely_validated
2137,10266,1,drug_anchor_not_uniquely_validated
2138,3438,1,drug_anchor_not_uniquely_validated
2138,10266,1,drug_anchor_not_uniquely_validated
2139,10266,1,drug_anchor_not_uniquely_validated
2141,3477,1,drug_anchor_not_uniquely_validated
2141,3477,7,drug_anchor_not_uniquely_validated
2142,3438,1,drug_anchor_not_uniquely_validated
2142,3438,7,drug_anchor_not_uniquely_validated
2142,3477,1,drug_anchor_not_uniquely_validated
2142,3477,7,drug_anchor_not_uniquely_validated
2144,10266,1,drug_anchor_not_uniquely_validated
2147,3729,1,drug_anchor_not_uniquely_validated
2150,33781,1,drug_anchor_not_uniquely_validated
2151,3477,1,drug_anchor_not_uniquely_validated
